1,Hwang,1000,Genesis Block,50,86257851-4fbd-4375-afb4-6800d3ae7da2,1558271937.4689677
0,kim,1000,hwang,237,539cd78b-cbaf-4ac3-a3ed-2a6f379a0a85,1558271971.5766087
0,kim,1000,hwang,237,05210fb6-75fb-4b56-8c59-e2b47676ee3f,1558272178.06197
0,kim,1000,hwang,237,99fbab52-142e-4eb6-8dcc-415d7e4004ad,1558272251.6581035
0,kim,1000,hwang,237,4271152b-ec29-4744-80f6-eae939567ff8,1558272336.4677389
0,kim,1000,hwang,237,1d30781d-1712-4e35-8c41-7d5f1707e373,1558272438.989482
0,kim,1000,hwang,237,c279355a-d259-4f40-a040-57ff09c1167c,1558272478.7449605
0,kim,1000,hwang,237,fa11cd2c-d9f6-4657-90f6-4b6fc6a7a679,1558272498.96218
0,kim,1000,hwang,237,3c1476eb-0540-4979-acef-52d0180e4b51,1558272529.2555766
0,kim,1000,hwang,235,eca43b53-8ca3-456c-b421-bf4353f2ecf3,1558272641.4562225
