1,Genesis Block,1000,Hwang,50,86257851-4fbd-4375-afb4-6800d3ae7da2,1558271937.4689677
1,hwang,1000,kim,237,539cd78b-cbaf-4ac3-a3ed-2a6f379a0a85,1558271971.5766087
1,hwang,1000,kim,237,05210fb6-75fb-4b56-8c59-e2b47676ee3f,1558272178.06197
1,hwang,1000,kim,237,99fbab52-142e-4eb6-8dcc-415d7e4004ad,1558272251.6581035
1,hwang,1000,kim,237,4271152b-ec29-4744-80f6-eae939567ff8,1558272336.4677389
1,hwang,1000,kim,237,1d30781d-1712-4e35-8c41-7d5f1707e373,1558272438.989482
1,hwang,1000,kim,237,c279355a-d259-4f40-a040-57ff09c1167c,1558272478.7449605
1,hwang,1000,kim,237,fa11cd2c-d9f6-4657-90f6-4b6fc6a7a679,1558272498.96218
1,hwang,1000,kim,237,3c1476eb-0540-4979-acef-52d0180e4b51,1558272529.2555766
1,hwang,1000,kim,235,eca43b53-8ca3-456c-b421-bf4353f2ecf3,1558272641.4562225
1,hwang,1000,kim,235,8bda5dde-7329-4927-898d-3f26d3c510f8,1558272995.804641
1,hwang,1000,kim,235,b97d91da-e80d-41d7-847c-ad7cf9b4ba3c,1558273200.3376453
1,hwang,1000,kim,235,a61ce57b-f8dd-44ba-af4e-2eca90d884fa,1558273202.8002126
0,hwang,1000,kim,235,d9a138c9-c0e7-499d-b11b-a31069660154,1558273242.8273036
