,지역,2013년 01월,2013년 02월,2013년 03월,2013년 04월,2013년 05월,2013년 06월,2013년 07월,2013년 08월,2013년 09월,2013년 10월,2013년 11월,2013년 12월,2014년 01월,2014년 02월,2014년 03월,2014년 04월,2014년 05월,2014년 06월,2014년 07월,2014년 08월,2014년 09월,2014년 10월,2014년 11월,2014년 12월,2015년 01월,2015년 02월,2015년 03월,2015년 04월,2015년 05월,2015년 06월,2015년 07월,2015년 08월,2015년 09월,2015년 10월,2015년 11월,2015년 12월,2016년 01월,2016년 02월,2016년 03월,2016년 04월,2016년 05월,2016년 06월,2016년 07월,2016년 08월,2016년 09월,2016년 10월,2016년 11월,2016년 12월,2017년 01월,2017년 02월,2017년 03월,2017년 04월,2017년 05월,2017년 06월,2017년 07월,2017년 08월,2017년 09월,2017년 10월,2017년 11월,2017년 12월,2018년 01월,2018년 02월,2018년 03월,2018년 04월,2018년 05월
0,전국  5년 이하,93,92.7,92.5,92.4,92.6,92.5,92.3,92.1,92.1,92.4,92.6,92.8,93.3,93.4,93.7,93.7,93.7,93.7,93.7,93.8,94,94.3,94.5,94.7,94.9,95.1,95.3,95.8,96.2,96.7,96.9,97.1,97.4,97.8,98.2,98.4,98.4,98.5,98.5,98.4,98.4,98.4,98.4,98.5,98.5,98.6,98.8,98.9,98.9,98.8,98.9,98.9,99,99.2,99.5,99.7,99.9,100,100,100.1,100.3,100.6,100.9,101.1,101.1
1,전국  5년 초과 ~ 10년 이하,91.8,91.6,91.5,91.7,91.9,91.9,91.8,91.7,91.8,92.2,92.5,92.7,92.8,93.1,93.4,93.5,93.6,93.6,93.7,93.8,94.1,94.4,94.6,94.8,95,95.2,95.6,96.1,96.5,97,97.3,97.6,98,98.3,98.7,98.9,98.9,98.9,98.8,98.8,98.8,98.8,98.7,98.7,98.8,98.9,99.1,99.1,99.1,99.1,99.2,99.2,99.3,99.4,99.5,99.7,99.7,99.9,100,100.1,100.4,100.7,100.9,101.0,100.9
2,전국  10년 초과 ~ 15년 이하,90.7,90.5,90.4,90.6,90.9,91,91,90.9,90.9,91.4,91.7,91.9,92.1,92.4,92.7,92.8,92.8,92.9,92.9,93.1,93.4,93.7,94,94.1,94.3,94.6,95,95.6,96,96.5,96.9,97.2,97.6,98.1,98.5,98.7,98.7,98.8,98.7,98.7,98.7,98.7,98.8,98.8,98.9,99.1,99.2,99.3,99.2,99.2,99.3,99.3,99.4,99.6,99.7,99.8,99.9,100,100,100.0,100.1,100.2,100.3,100.4,100.3
3,전국  15년 초과 ~ 20년 이하,89.7,89.5,89.4,89.6,89.9,90,90.1,90,90.1,90.6,90.9,91.3,91.9,92.3,92.7,92.9,92.9,93,93,93.2,93.6,93.9,94.1,94.4,94.6,94.8,95.2,95.8,96.3,96.8,97.1,97.5,97.9,98.4,98.8,99,99,99,98.9,98.9,98.9,98.8,98.8,98.9,99,99.1,99.4,99.4,99.4,99.4,99.4,99.4,99.5,99.6,99.8,99.9,99.9,100,100,100.0,100.0,100.1,100.1,100.1,99.9
4,전국  20년 초과,89.1,88.9,88.8,89,89.2,89.2,89.1,88.9,89,89.3,89.5,89.6,90,90.3,90.6,90.7,90.8,90.8,90.9,91,91.4,91.8,92.1,92.3,92.6,92.9,93.3,94,94.5,95.1,95.4,95.8,96.3,96.7,97.2,97.3,97.4,97.4,97.3,97.4,97.5,97.6,97.7,97.8,98,98.3,98.6,98.6,98.6,98.6,98.7,98.8,98.9,99.2,99.5,99.8,99.8,99.9,100,100.1,100.4,100.6,100.7,100.6,100.4
5,수도권  5년 이하,93.2,92.7,92.3,92.1,92.2,91.9,91.5,91.2,91.1,91.5,91.6,91.7,92.3,92.4,92.7,92.6,92.5,92.5,92.4,92.4,92.8,93,93.2,93.2,93.3,93.6,93.9,94.4,94.9,95.5,95.7,96,96.4,96.8,97.2,97.4,97.4,97.5,97.4,97.4,97.4,97.3,97.4,97.5,97.6,97.8,98,98.1,98.2,98,98.1,98.1,98.2,98.4,98.7,99.1,99.4,99.6,100,100.2,100.7,101.6,102.3,102.8,103.0
6,수도권  5년 초과 ~ 10년 이하,90.9,90.5,90.2,90.3,90.5,90.5,90.2,90,90.1,90.5,90.7,90.9,90.9,91.2,91.7,91.7,91.6,91.6,91.6,91.7,92,92.3,92.5,92.6,92.8,93.1,93.5,94.1,94.5,95,95.4,95.7,96.1,96.5,96.9,97.1,97.2,97.2,97.2,97.2,97.2,97.3,97.4,97.5,97.7,97.9,98.1,98.2,98.3,98.3,98.3,98.4,98.6,98.9,99.1,99.4,99.5,99.8,100,100.2,100.9,101.5,101.9,102.0,102.1
7,수도권  10년 초과 ~ 15년 이하,89.7,89.3,89.1,89.3,89.5,89.5,89.3,89,89.1,89.6,89.9,90,90,90.3,90.7,90.7,90.6,90.6,90.6,90.8,91.2,91.5,91.7,91.8,92,92.3,92.7,93.3,93.9,94.5,94.9,95.3,95.8,96.3,96.8,97.1,97.1,97.1,97.1,97.1,97.2,97.3,97.5,97.6,97.8,98.1,98.3,98.4,98.4,98.4,98.5,98.6,98.8,99.1,99.3,99.6,99.7,99.9,100,100.2,100.5,100.8,101.2,101.5,101.6
8,수도권  15년 초과 ~ 20년 이하,86.6,86.2,85.9,85.9,86.1,86.2,86.1,85.8,86,86.5,86.7,87,87.7,88.2,88.7,88.8,88.8,88.7,88.8,89,89.5,89.9,90.1,90.3,90.5,90.8,91.3,92,92.5,93.1,93.7,94.1,94.7,95.4,95.8,96.2,96.2,96.2,96.2,96.3,96.4,96.6,96.8,97,97.2,97.5,97.8,97.9,98,98,98,98.2,98.5,98.9,99.1,99.5,99.6,99.8,100,100.2,100.4,100.8,101.1,101.2,101.3
9,수도권  20년 초과,86.3,86,85.8,85.8,85.9,85.7,85.3,84.9,85,85.2,85.3,85.3,85.7,86,86.4,86.4,86.3,86.2,86.2,86.4,86.9,87.4,87.7,87.8,88,88.4,89,89.9,90.6,91.3,91.8,92.3,92.9,93.4,94,94.3,94.3,94.3,94.3,94.4,94.5,94.8,95.1,95.4,95.7,96.2,96.7,96.8,96.7,96.8,96.9,97.1,97.4,98,98.5,99.3,99.4,99.7,100,100.5,101.2,102.0,102.4,102.5,102.5
10,지방권  5년 이하,92.3,92.2,92.2,92.4,92.6,92.7,92.7,92.7,92.7,92.9,93.2,93.5,93.9,94.1,94.3,94.5,94.6,94.6,94.8,94.9,95,95.3,95.6,95.9,96.1,96.3,96.5,96.8,97.2,97.6,97.8,97.9,98.2,98.6,98.9,99.1,99.2,99.2,99.3,99.2,99.1,99.1,99.2,99.2,99.1,99.2,99.4,99.4,99.4,99.4,99.4,99.5,99.6,99.8,100,100.2,100.2,100.3,100,100.0,100.0,99.9,100.0,99.9,99.7
11,지방권  5년 초과 ~ 10년 이하,92.5,92.5,92.6,92.8,93,93.2,93.3,93.4,93.5,93.8,94.1,94.4,94.7,94.9,95.1,95.4,95.5,95.6,95.8,95.9,96.1,96.4,96.6,97,97.1,97.4,97.7,98.2,98.5,98.9,99.2,99.5,99.9,100.2,100.5,100.7,100.6,100.5,100.5,100.4,100.3,100.2,100,100,99.9,100,100,100,100,100,100,100,100,100,99.9,100,100,100,100,99.9,99.8,99.8,99.8,99.8,99.6
12,지방권  10년 초과 ~ 15년 이하,92.1,92.1,92.2,92.5,92.8,93,93.3,93.4,93.5,93.9,94.3,94.6,95,95.2,95.4,95.6,95.8,95.9,96.1,96.2,96.4,96.7,97,97.2,97.5,97.8,98.1,98.6,99,99.3,99.5,99.8,100.1,100.4,100.8,100.9,100.9,100.9,100.9,100.8,100.7,100.6,100.4,100.3,100.3,100.4,100.4,100.4,100.3,100.3,100.3,100.2,100.2,100.1,100.1,100.1,100.2,100.1,100,99.9,99.7,99.5,99.4,99.1,98.8
13,지방권  15년 초과 ~ 20년 이하,92.4,92.3,92.4,92.7,93,93.3,93.5,93.6,93.7,94.1,94.6,95,95.5,95.9,96.1,96.4,96.5,96.6,96.7,96.8,97.1,97.4,97.6,97.8,98,98.2,98.6,99.2,99.5,99.9,100.1,100.4,100.7,101.1,101.4,101.5,101.5,101.4,101.3,101.1,101,100.8,100.6,100.6,100.5,100.6,100.7,100.7,100.7,100.6,100.6,100.5,100.4,100.3,100.3,100.3,100.2,100.1,100,99.9,99.7,99.4,99.2,98.9,98.5
14,지방권  20년 초과,91.7,91.7,91.7,92,92.4,92.6,92.7,92.7,92.9,93.2,93.5,93.8,94.1,94.4,94.7,94.9,95,95.1,95.3,95.5,95.7,96,96.3,96.6,96.9,97.1,97.4,97.9,98.2,98.7,98.9,99.1,99.5,99.8,100.1,100.2,100.2,100.2,100.2,100.2,100.2,100.1,100.1,100,100.1,100.2,100.3,100.3,100.4,100.3,100.3,100.3,100.3,100.3,100.3,100.3,100.2,100.1,100,99.9,99.7,99.5,99.3,99.0,98.6
15,6대광역시  5년 이하,90.6,90.4,90.2,90.3,90.5,90.5,90.6,90.6,90.5,90.8,91.1,91.5,91.9,92,92.2,92.4,92.5,92.6,92.7,92.9,93.2,93.5,93.9,94.1,94.3,94.5,94.8,95.2,95.7,96.2,96.4,96.5,96.8,97.1,97.5,97.6,97.7,97.7,97.7,97.8,97.7,97.8,97.9,98,98,98.2,98.5,98.5,98.6,98.5,98.5,98.7,98.8,98.9,99.1,99.4,99.6,99.8,100,100.1,100.1,100.3,100.4,100.4,100.4
16,6대광역시  5년 초과 ~ 10년 이하,88.4,88.1,88.1,88.3,88.5,88.7,88.8,88.9,89,89.5,89.9,90.2,90.4,90.7,90.9,91.1,91.2,91.4,91.6,91.7,91.9,92.2,92.5,92.8,93,93.3,93.7,94.5,95.1,95.8,96.2,96.6,97,97.5,98,98.1,98.1,98,98,98,98,98,97.9,98,98,98.2,98.4,98.5,98.6,98.6,98.7,98.7,98.8,98.9,99,99.4,99.6,99.8,100,100.0,100.2,100.3,100.4,100.6,100.6
17,6대광역시  10년 초과 ~ 15년 이하,87.3,87.2,87.2,87.6,87.9,88.2,88.6,88.6,88.7,89.1,89.6,89.9,90.3,90.6,91,91.2,91.4,91.5,91.7,91.8,92.1,92.4,92.7,92.9,93.1,93.5,93.9,94.5,95,95.6,96.1,96.4,96.8,97.3,97.8,98,98.1,98.2,98.1,98.1,98.1,98.1,98.1,98.1,98.2,98.6,98.9,99,99.1,99.1,99.1,99.1,99.3,99.4,99.4,99.6,99.8,99.9,100,100.0,100.0,100.0,100.0,100.0,99.8
18,6대광역시  15년 초과 ~ 20년 이하,87.4,87.3,87.2,87.6,87.9,88.2,88.4,88.5,88.6,89.1,89.6,90,90.7,91,91.4,91.7,91.8,92,92.1,92.3,92.5,92.8,93.1,93.3,93.5,93.7,94.2,95,95.6,96.1,96.6,97,97.5,98,98.5,98.8,98.8,98.7,98.6,98.6,98.6,98.5,98.6,98.7,98.8,99.1,99.5,99.5,99.6,99.6,99.5,99.5,99.5,99.5,99.6,99.8,99.9,100,100,100.0,99.9,99.8,99.7,99.6,99.4
19,6대광역시  20년 초과,89.1,89,88.9,89.1,89.3,89.5,89.5,89.5,89.6,89.9,90.2,90.4,90.7,90.9,91.2,91.3,91.5,91.5,91.7,91.9,92.2,92.5,92.8,93.1,93.4,93.6,94,94.6,95,95.7,96,96.3,96.7,97.2,97.6,97.8,97.8,97.8,97.8,97.8,97.9,97.9,98,98,98.1,98.4,98.6,98.8,98.9,98.9,99,99.1,99.2,99.3,99.5,99.7,99.9,100,100,99.9,99.9,99.8,99.8,99.7,99.5
20,5대광역시  5년 이하,89.9,89.9,89.8,90,90.2,90.3,90.4,90.5,90.5,90.7,91,91.4,91.7,91.9,92.1,92.3,92.4,92.5,92.7,92.8,93.2,93.5,93.9,94.2,94.4,94.5,94.8,95.2,95.7,96.2,96.3,96.4,96.7,97.1,97.4,97.5,97.6,97.6,97.7,97.7,97.6,97.7,97.8,98,98.1,98.3,98.6,98.6,98.7,98.7,98.7,98.9,99,99,99.3,99.7,99.8,100,100,100.1,100.1,100.2,100.3,100.3,100.3
21,5대광역시  5년 초과 ~ 10년 이하,87.9,87.9,88,88.2,88.4,88.7,88.9,89,89.1,89.3,89.7,90,90.2,90.4,90.6,90.8,90.9,91,91.2,91.3,91.6,91.9,92.1,92.5,92.8,93,93.4,94.2,94.7,95.4,95.9,96.3,96.8,97.3,97.8,98,98,97.9,97.8,97.8,97.9,97.8,97.7,97.8,97.8,98,98.2,98.4,98.4,98.5,98.5,98.6,98.8,98.9,99,99.4,99.6,99.7,100,100.1,100.2,100.4,100.5,100.7,100.8
22,5대광역시  10년 초과 ~ 15년 이하,87.4,87.4,87.5,87.9,88.3,88.6,89,89.1,89.2,89.5,89.9,90.3,90.8,91.1,91.3,91.5,91.6,91.7,91.9,92.1,92.3,92.5,92.9,93.1,93.3,93.7,94.1,94.7,95.3,95.9,96.2,96.6,97,97.5,98,98.2,98.3,98.4,98.3,98.2,98.2,98.3,98.2,98.1,98.3,98.6,98.9,99,99.1,99.2,99.3,99.2,99.3,99.4,99.5,99.6,99.8,99.9,100,100.0,100.1,100.1,100.1,100.0,99.8
23,5대광역시  15년 초과 ~ 20년 이하,88.1,88,88,88.4,88.7,89,89.3,89.4,89.5,89.9,90.4,90.9,91.4,91.7,91.9,92.2,92.3,92.4,92.6,92.7,93,93.2,93.5,93.7,93.9,94.1,94.6,95.5,96.1,96.6,97.1,97.5,98,98.5,99.1,99.3,99.2,99.2,99.1,99,98.9,98.9,98.9,99,99.1,99.4,99.7,99.8,99.8,99.8,99.7,99.8,99.7,99.7,99.8,99.9,99.9,100,100,100.0,99.9,99.8,99.7,99.6,99.4
24,5대광역시  20년 초과,88,88.1,88.1,88.4,88.7,89,89.1,89.1,89.3,89.6,89.8,90.1,90.4,90.8,91,91.2,91.4,91.5,91.8,92,92.3,92.6,92.9,93.3,93.6,93.8,94.2,94.8,95.2,95.9,96.2,96.5,96.9,97.4,97.8,98,98,98,98,98,98.1,98,98.1,98.1,98.2,98.4,98.7,99,99.1,99.1,99.2,99.3,99.4,99.5,99.7,99.8,100,100,100,99.9,99.9,99.8,99.7,99.5,99.4
25,9개도  5년 이하,95,94.7,94.4,94.3,94.4,94.3,94.1,93.9,93.8,94.1,94.2,94.4,95.1,95.2,95.4,95.4,95.4,95.4,95.3,95.3,95.5,95.8,96,96.1,96.4,96.6,96.9,97.3,97.8,98.3,98.6,98.8,99.1,99.5,99.9,100.1,100.2,100.2,100.3,100.1,100,100,100,99.9,100,100.1,100.2,100.2,100.2,100.1,100.1,100.1,100.1,99.8,99.9,100,100.1,100.3,100,100.0,99.9,100.1,100.4,100.5,100.3
26,9개도  5년 초과 ~ 10년 이하,94.1,93.9,93.8,93.9,94.2,94.2,94.2,94.1,94.2,94.5,94.8,95.1,95.2,95.5,95.9,96,96,96.1,96.1,96.2,96.5,96.8,97.1,97.2,97.4,97.7,98,98.4,98.7,99.1,99.3,99.6,99.8,100.1,100.4,100.5,100.5,100.5,100.4,100.3,100.3,100.2,100.1,100.1,100.1,100.1,100.2,100.1,100.1,100.1,100,100,100,100,100,100,100,100,100,99.8,99.8,99.9,99.9,99.8,99.6
27,9개도  10년 초과 ~ 15년 이하,92.7,92.6,92.5,92.6,92.8,92.9,92.9,92.8,92.9,93.4,93.7,93.8,94,94.2,94.6,94.6,94.6,94.7,94.8,95,95.4,95.7,96,96.3,96.5,96.8,97.2,97.7,98.2,98.6,98.9,99.1,99.5,99.9,100.1,100.3,100.3,100.3,100.2,100.2,100.2,100.1,100.1,100,100,100.1,100.1,100.1,100,100,100,99.9,99.9,99.9,100,100.1,100.1,100.1,100,99.9,99.7,99.5,99.4,99.3,99.1
28,9개도  15년 초과 ~ 20년 이하,92.1,91.9,91.8,91.9,92.2,92.3,92.3,92.3,92.4,92.9,93.2,93.5,94,94.5,94.9,95,95,95.1,95.1,95.3,95.8,96.2,96.4,96.7,96.9,97.2,97.6,98.1,98.4,98.9,99.1,99.5,99.8,100.2,100.5,100.6,100.6,100.6,100.5,100.4,100.4,100.3,100.2,100.1,100.1,100.1,100.2,100.2,100.2,100.1,100.1,100.1,100.1,100.1,100.2,100.2,100.1,100.1,100,99.9,99.7,99.5,99.3,99.0,98.7
29,9개도  20년 초과,91.2,91.1,91,91.1,91.3,91.3,91.3,91.2,91.3,91.6,91.8,92,92.5,92.7,93,93.1,93.1,93.1,93.2,93.3,93.7,94.1,94.4,94.7,94.9,95.2,95.6,96.3,96.7,97.2,97.5,97.9,98.3,98.6,99,99.1,99.2,99.2,99.1,99.2,99.1,99.2,99.2,99.3,99.3,99.4,99.6,99.5,99.5,99.5,99.5,99.5,99.5,99.6,99.7,100,100,100,100,99.9,99.8,99.9,99.9,99.7,99.4
30,8개도  5년 이하,95.5,95.5,95.5,95.6,95.8,95.9,95.9,95.9,95.9,96.1,96.3,96.6,97.1,97.2,97.4,97.5,97.6,97.7,97.8,97.9,97.9,98.2,98.4,98.6,99,99.1,99.2,99.5,99.8,100.1,100.3,100.4,100.8,101.1,101.5,101.8,101.9,101.9,102,101.9,101.6,101.7,101.6,101.5,101.3,101.3,101.4,101.4,101.3,101.3,101.3,101.3,101.2,100.8,100.8,100.6,100.6,100.6,100,99.9,99.8,99.6,99.5,99.3,98.9
31,8개도  5년 초과 ~ 10년 이하,96.8,96.8,96.8,97.1,97.3,97.3,97.4,97.4,97.5,97.8,98.2,98.5,98.8,99,99.2,99.5,99.7,99.8,99.9,100,100.2,100.4,100.7,101,101.1,101.3,101.6,101.8,101.9,102.1,102.2,102.4,102.7,102.8,103,103.1,103.1,103,102.9,102.7,102.5,102.4,102.1,101.9,101.9,101.7,101.6,101.5,101.5,101.4,101.4,101.2,101,100.9,100.8,100.5,100.3,100.2,100,99.7,99.4,99.3,99.2,99.0,98.6
32,8개도  10년 초과 ~ 15년 이하,96.2,96.2,96.3,96.5,96.8,96.8,97,97.1,97.3,97.7,98,98.3,98.6,98.8,99,99.1,99.4,99.5,99.7,99.8,100.1,100.3,100.6,100.9,101.2,101.4,101.7,102,102.2,102.3,102.4,102.5,102.8,103,103.1,103.2,103.2,103.2,103.1,102.9,102.8,102.6,102.3,102.2,102,101.8,101.7,101.5,101.4,101.3,101.2,101,100.9,100.7,100.6,100.6,100.5,100.3,100,99.8,99.3,99.1,98.7,98.3,97.8
33,8개도  15년 초과 ~ 20년 이하,96.1,96.1,96.2,96.5,96.8,96.9,97.2,97.3,97.3,97.8,98.1,98.5,99.1,99.5,99.7,100,100.1,100.2,100.2,100.4,100.6,101,101.2,101.4,101.6,101.8,102,102.3,102.5,102.7,102.7,102.9,103.1,103.3,103.4,103.4,103.4,103.3,103.2,103,102.8,102.5,102.2,102,101.8,101.7,101.6,101.5,101.5,101.4,101.3,101.1,101,100.8,100.7,100.6,100.4,100.2,100,99.8,99.5,99.1,98.8,98.3,97.7
34,8개도  20년 초과,95,95.1,95.1,95.4,95.8,96,96.2,96.2,96.4,96.7,97,97.3,97.6,97.9,98.1,98.3,98.3,98.4,98.6,98.7,98.9,99.2,99.5,99.7,99.9,100.1,100.4,100.7,101,101.2,101.4,101.5,101.8,102,102.1,102.2,102.2,102.2,102.2,102.2,102.1,102,101.9,101.8,101.8,101.8,101.7,101.6,101.5,101.4,101.3,101.3,101.2,101,100.9,100.7,100.5,100.2,100,99.8,99.5,99.2,98.9,98.4,97.8
35,서울  5년 이하,91.9,91.7,91.3,91.2,91.4,91.1,90.6,90.1,90.1,90.5,90.7,90.7,90.9,91,91.4,91.4,91.4,91.5,91.4,91.5,91.8,92,92.1,92,92.1,92.1,92.3,92.5,92.8,93,93.1,93.6,93.9,94.4,94.7,95.1,95.2,95.3,95.2,95.2,95.3,95.3,95.6,95.6,95.9,96,96.5,96.7,96.8,96.8,96.8,96.9,97.2,98,98.5,99.1,99.3,99.5,100,100.6,102.0,104.1,105.2,105.7,105.9
36,서울  5년 초과 ~ 10년 이하,89.1,88.8,88.6,88.8,88.8,88.6,88.2,87.9,87.9,88.2,88.3,88.3,88.5,88.6,88.9,88.8,88.8,88.7,88.7,88.8,89,89.3,89.4,89.5,89.6,89.8,90.1,90.5,90.8,91.4,91.7,92.1,92.7,93.3,93.7,94.1,94.2,94.2,94.2,94.3,94.4,94.6,94.8,95,95.3,95.6,96.1,96.3,96.4,96.4,96.6,96.9,97.1,98.1,98.3,98.9,98.9,99.4,100,101.0,103.0,104.8,105.9,106.2,106.4
37,서울  10년 초과 ~ 15년 이하,89.2,88.8,88.7,88.9,89.1,89,88.6,88.3,88.3,88.9,89.2,89.2,89.1,89.3,89.7,89.6,89.5,89.4,89.3,89.3,89.5,89.8,89.9,89.9,90,90.1,90.5,91.1,91.6,92.2,92.6,93,93.6,94.2,94.8,95.2,95.3,95.3,95.3,95.4,95.5,95.7,95.9,96.2,96.5,96.8,97.2,97.3,97.4,97.4,97.5,97.8,98.1,98.7,99.1,99.5,99.5,99.7,100,100.5,101.4,102.6,103.4,104.0,104.4
38,서울  15년 초과 ~ 20년 이하,86.4,85.9,85.7,85.8,86,85.9,85.5,85.2,85.4,85.9,86,86,86.9,87.2,87.6,87.7,87.6,87.6,87.5,87.6,87.8,88.1,88.2,88.2,88.3,88.5,88.9,89.5,89.9,90.5,91,91.5,92.1,92.8,93.4,93.9,94.1,94.1,94.1,94.1,94.3,94.6,94.8,95.1,95.4,95.8,96.3,96.5,96.6,96.6,96.7,97,97.5,98.3,98.7,99.3,99.4,99.7,100,100.6,101.4,102.7,103.5,104.0,104.4
39,서울  20년 초과,83.2,82.8,82.9,83,83.3,83.1,82.5,81.9,82.1,82.5,82.4,82.3,82.6,83,83.4,83.5,83.5,83.4,83.4,83.6,84.2,84.7,84.9,84.9,85.1,85.5,86.1,87,87.6,88.3,88.9,89.5,90.2,90.8,91.4,91.7,91.7,91.7,91.7,91.8,92.1,92.5,93,93.4,94,94.9,95.6,95.7,95.7,95.8,96,96.2,96.8,98,98.7,99.4,99.3,99.5,100,101.2,103.1,104.5,105.1,105.3,105.3
40,서울 강북지역 5년 이하,94.4,94.1,93.6,92.8,92.9,92.6,92.4,91.9,91.9,92,92.2,92.1,92.2,92.3,92.3,92.3,92.3,92.4,92.3,92.3,92.4,92.5,92.7,92.6,92.7,92.7,93,93.1,93.5,93.7,93.9,94.2,94.6,94.9,95.2,95.6,95.8,95.8,95.7,95.7,95.9,95.9,96.1,96.5,96.7,96.8,97.3,97.5,97.6,97.8,97.9,98,98.4,98.9,99.2,99.5,99.7,99.7,100,100.3,101.2,102.7,103.5,104.1,104.4
41,서울 강북지역 5년 초과 ~ 10년 이하,92.1,91.8,91.5,91.2,91,90.8,90.4,90.1,89.9,90.1,90.1,90.2,90.8,90.9,91.2,91.2,91.3,91.1,91.2,91.2,91.4,91.8,91.9,92,92.1,92.3,92.6,93,93.2,93.6,93.9,94.3,94.8,95.3,95.9,96.1,96.1,96.2,96.2,96.2,96.4,96.5,96.8,96.9,97.2,97.5,97.8,97.9,98.1,98.1,98.1,98.3,98.4,98.8,99.1,99.4,99.5,99.7,100,100.3,100.9,101.8,102.8,103.4,103.9
42,서울 강북지역 10년 초과 ~ 15년 이하,89.9,89.4,89.3,89.2,89.4,89.3,89,88.6,88.4,88.8,89.1,89.2,89.3,89.6,90,90.1,90.1,90.1,90.1,89.9,90.1,90.3,90.3,90.4,90.5,90.6,91,91.5,91.9,92.4,92.9,93.4,94.1,94.8,95.5,95.8,95.9,95.9,95.9,96,96.1,96.2,96.4,96.7,97,97.4,97.7,97.8,97.9,97.9,97.9,98.1,98.3,98.8,99.1,99.4,99.5,99.7,100,100.4,101.0,101.9,102.8,103.3,103.8
43,서울 강북지역 15년 초과 ~ 20년 이하,88.9,88.4,88,87.7,87.7,87.5,87.3,86.9,87,87.5,87.7,87.8,88.6,88.8,89.1,89.4,89.2,89.3,89.2,89.2,89.4,89.4,89.5,89.6,89.7,89.9,90.3,90.7,91.2,91.6,92,92.4,93.1,93.9,94.5,94.9,95,95,95.1,95.1,95.2,95.4,95.6,95.9,96.1,96.5,96.8,97,97.1,97.1,97.2,97.4,97.8,98.5,98.9,99.4,99.5,99.7,100,100.5,101.3,102.4,103.4,103.7,104.1
44,서울 강북지역 20년 초과,86.3,85.8,85.6,85.4,85.5,85.5,85.1,84.4,84.4,84.7,84.6,84.7,85,85.4,85.8,86,85.9,85.8,85.7,85.9,86.1,86.7,87,87.2,87.3,87.6,88,88.8,89.2,89.8,90.3,90.9,91.6,92.3,93,93.2,93.3,93.4,93.4,93.5,93.6,93.8,94.1,94.4,94.7,95.3,96.2,96.4,96.4,96.5,96.6,96.8,97.3,98.2,99.3,99.9,99.7,99.8,100,100.4,100.9,101.6,102.0,102.2,102.3
45,서울 강북지역 도심권5년 이하,94.1,94.1,94,93.7,94.1,93.9,92.6,91.8,91.2,90.9,90.9,90.7,92.3,92.2,92.1,92.5,92.6,92.8,92.9,93,92.9,92.8,93.1,93.1,93.6,93.6,94.3,94.5,94.6,94.7,94.7,94.9,95,95,95.4,95.6,95.9,95.9,95.7,95.7,96.1,96.3,96.4,96.5,96.6,96.6,97.3,97.4,97.4,97.4,97.8,97.8,97.9,99.3,99.7,99.8,99.9,99.9,100,100.1,100.8,103.2,104.7,105.4,105.6
46,서울 강북지역 도심권5년 초과 ~ 10년 이하,102.8,102.8,102.5,101.1,100.7,100.2,99.7,99,98.1,97.3,97.1,97,96.7,96.5,96.4,95.9,95.6,95.3,95.3,95.3,95.4,95.6,95.7,95.5,95.5,95.5,95.7,96,96.1,96.2,96.3,96.4,96.7,96.7,96.9,97,97,97,97.1,97.1,97.2,97.2,97.4,97.5,97.7,97.7,97.9,98,98.1,98.1,98.2,98.4,98.5,98.8,99,99.4,99.5,99.7,100,100.1,101.1,103.5,105.3,106.8,107.4
47,서울 강북지역 도심권10년 초과 ~ 15년 이하,92.5,92.3,92,91.8,92,92.1,91.6,91.1,91.1,91.2,91.5,91.7,91.4,91.3,91.5,91.6,91.7,91.7,91.6,91.5,91.6,91.7,91.9,92,91.9,92.2,92.4,92.6,92.8,93.1,93.5,93.9,94,94.5,94.8,94.8,94.9,95,94.9,95,95.1,95.3,95.6,95.8,96.1,96.4,97,97.1,97.3,97.3,97.4,97.7,97.9,98.3,98.7,99.2,99.2,99.4,100,100.8,101.5,103.2,104.3,104.5,105.2
48,서울 강북지역 도심권15년 초과 ~ 20년 이하,90.2,90.2,90,89.9,89.7,89.1,89,88.7,88.6,88.8,88.8,89,89.2,89.2,89.2,89.1,89,88.6,88.8,88.8,89,89.2,89.3,89.4,89.4,89.6,89.9,90.5,90.6,90.8,91,91.1,91.5,91.7,92,92.4,92.4,92.5,92.6,92.8,92.9,93.1,93.4,93.9,94,94.4,94.9,95.1,95.3,95.5,95.8,96.1,96.4,97.3,98.1,99.3,99.5,99.7,100,100.3,102.0,104.7,106.4,106.5,107.2
49,서울 강북지역 도심권20년 초과,96.9,96.8,96.6,95.4,95.1,94.9,94.4,93.6,93.4,93.3,92.5,92.5,92,91.5,91.2,91.1,90.8,90.7,90.5,90.4,90.6,91,91,90.9,91,91.2,91.4,91.7,92.1,92.3,92.6,92.7,92.9,93.4,93.6,93.9,93.9,93.9,94,94.1,94.2,94.5,94.9,95.2,95.6,96.1,96.4,96.6,96.7,96.8,97,97.3,97.9,98.5,99.2,99.7,99.7,99.9,100,100.3,101.0,102.3,102.8,103.6,103.9
50,서울 강북지역 동북권5년 이하,96.8,96.7,95.8,94.9,95,94.6,94.5,94.1,94.2,94.4,94.7,94.6,93.5,93.6,93.7,93.6,93.5,93.4,93.3,93.3,93.4,93.4,93.6,93.4,93.4,93.5,93.7,93.6,94.2,94.5,94.8,95,95.8,96.2,96.3,97,97.1,97.1,96.9,96.9,97,96.7,97,97.5,97.6,97.6,97.8,98,98.1,98.2,98.2,98.2,99.1,99.2,99.4,99.7,100,100,100,100.5,101.4,102.4,102.9,103.1,103.3
51,서울 강북지역 동북권5년 초과 ~ 10년 이하,91.8,91.4,91.1,90.8,90.6,90.3,89.9,89.6,89.5,89.7,89.7,89.8,90.5,90.7,90.9,91.1,91.1,90.9,90.9,90.9,91,91.5,91.5,91.6,91.6,91.9,92.3,92.7,93,93.4,93.8,94.3,95,95.6,96.2,96.6,96.6,96.6,96.6,96.6,96.7,96.8,97,97.1,97.4,97.7,98.1,98.2,98.4,98.3,98.3,98.4,98.5,98.8,99.1,99.4,99.4,99.7,100,100.4,101.0,101.8,102.8,103.5,104.0
52,서울 강북지역 동북권10년 초과 ~ 15년 이하,89.2,88.5,88.4,88.4,88.5,88.4,88,87.6,87.4,87.9,88.2,88.3,88.5,88.8,89.4,89.5,89.5,89.5,89.5,89.2,89.4,89.6,89.6,89.6,89.7,89.9,90.3,90.9,91.4,92.1,92.6,93.2,94,94.8,95.7,96.2,96.2,96.2,96.3,96.3,96.4,96.5,96.6,96.9,97.1,97.6,97.9,98,98,98,98,98.1,98.3,98.8,99.2,99.4,99.5,99.7,100,100.3,100.8,101.6,102.4,102.8,103.2
53,서울 강북지역 동북권15년 초과 ~ 20년 이하,89.5,88.8,88.3,88,88,87.8,87.5,87.2,87.3,87.8,88,88,89.1,89.3,89.5,89.8,89.5,89.6,89.5,89.5,89.6,89.6,89.8,89.9,89.9,90.1,90.5,91.1,91.5,91.9,92.5,92.9,93.7,94.4,95.1,95.6,95.6,95.7,95.7,95.7,95.8,96,96.1,96.4,96.6,96.9,97.2,97.3,97.4,97.4,97.4,97.5,98,98.6,99,99.4,99.5,99.7,100,100.6,101.3,102.3,103.1,103.3,103.6
54,서울 강북지역 동북권20년 초과,85.4,84.9,84.7,84.7,84.8,84.8,84.5,83.7,83.6,84,84,84,84.4,84.9,85.3,85.5,85.4,85.3,85.2,85.4,85.7,86.3,86.6,86.8,86.9,87.2,87.7,88.5,89,89.6,90.2,90.9,91.7,92.4,93.1,93.4,93.4,93.5,93.5,93.7,93.7,93.9,94.1,94.4,94.7,95.4,96.3,96.5,96.5,96.5,96.6,96.8,97.3,98.2,99.3,100,99.8,99.8,100,100.4,100.8,101.4,101.8,101.9,101.9
55,서울 강북지역 서북권5년 이하,92.1,91.6,91.3,90.4,90.5,90.3,90.4,89.9,89.9,90,90.2,90.2,90.8,90.8,90.9,90.8,90.9,91,91,91,91.1,91.3,91.4,91.4,91.4,91.5,91.7,91.9,92,92.5,92.6,92.9,93.2,93.5,94,94.2,94.3,94.3,94.3,94.4,94.6,94.8,95.2,95.6,95.8,96,96.8,97,97.1,97.5,97.6,97.8,98,98.4,98.8,99.3,99.3,99.4,100,100.2,101.0,103.0,104.1,104.9,105.6
56,서울 강북지역 서북권5년 초과 ~ 10년 이하,89.2,89.2,89,89.1,89,89,88.6,88.2,88.1,88.3,88.6,88.9,89.3,89.5,89.8,89.8,89.9,90,90,90.2,90.7,91,91.4,91.5,91.9,91.9,92.1,92.4,92.5,92.9,93.2,93.5,93.7,94.1,94.6,94.6,94.7,94.8,94.9,95,95.2,95.6,96,96.3,96.6,96.9,97.1,97.2,97.4,97.6,97.8,98,98.3,98.9,99.2,99.6,99.6,99.8,100,100.2,100.7,101.3,101.7,101.8,102.2
57,서울 강북지역 서북권10년 초과 ~ 15년 이하,90.8,90.7,90.6,90.7,90.7,90.7,90.7,90.3,90.1,90.5,90.9,90.8,91,91.1,91.2,91.4,91.2,91.2,91.1,91.1,91.4,91.7,91.8,91.9,92.1,92.2,92.4,92.7,92.8,93.2,93.4,93.8,94.2,94.7,95,95.2,95.3,95.4,95.4,95.5,95.7,95.9,96.2,96.6,97,97.2,97.4,97.6,97.8,97.8,98,98.3,98.7,98.9,99.2,99.5,99.7,99.9,100,100.3,101.2,102.3,103.4,104.3,104.8
58,서울 강북지역 서북권15년 초과 ~ 20년 이하,86.2,86.1,85.8,85.7,85.7,85.7,85.8,85.2,85.2,85.9,86.2,86.3,86.5,86.8,87.2,87.8,88.1,88.4,88.3,88.4,88.6,88.7,88.9,89,89.2,89.3,89.5,89.7,90,90.3,90.6,90.9,91.6,92.4,93.1,93.3,93.4,93.5,93.6,93.7,93.8,94.3,94.6,95,95.3,95.8,96.2,96.6,96.7,96.8,97.1,97.3,97.7,98.3,99,99.4,99.6,99.8,100,100.2,100.6,101.8,102.9,103.6,104.4
59,서울 강북지역 서북권20년 초과,86.1,86,85.1,84.4,84.4,84.4,84.2,84,83.9,84.5,84.5,84.7,84.9,85.4,85.7,86,86,86,85.9,86.1,86.4,87,87.4,87.5,87.5,87.7,88.2,88.7,88.9,89.2,89.6,90,90.4,91.1,91.5,91.9,92.1,92.2,92.2,92.3,92.4,92.5,92.9,93.3,93.5,94.1,95,95.3,95.5,95.8,96.1,96.6,97,98.1,98.8,99.2,99.3,99.5,100,100.5,101.4,102.6,103.7,104.2,104.6
60,서울 강남지역 5년 이하,90,89.7,89.6,90.2,90.5,90.1,89.3,88.8,88.8,89.5,89.7,89.8,90,90.2,90.9,90.9,90.9,91,91,91.2,91.6,91.9,91.9,91.8,91.8,91.8,91.9,92.2,92.5,92.5,92.7,93.3,93.6,94.2,94.7,95,95.1,95.3,95.1,95.1,95,95.1,95.4,95.1,95.4,95.5,96,96.2,96.3,96.2,96.2,96.3,96.5,97.5,98.1,98.8,99,99.4,100,100.8,102.5,105.0,106.3,106.8,107.0
61,서울 강남지역 5년 초과 ~ 10년 이하,87,86.7,86.6,87.1,87.2,87.1,86.7,86.4,86.5,87,87.1,87,86.9,87.1,87.3,87.2,87.1,87,87,87.1,87.3,87.6,87.7,87.7,87.9,88.1,88.4,88.9,89.2,89.9,90.2,90.6,91.3,91.9,92.3,92.8,92.9,92.9,92.8,92.9,93,93.2,93.5,93.7,93.9,94.4,94.9,95.1,95.2,95.3,95.6,95.9,96.2,97.5,97.8,98.6,98.6,99.2,100,101.7,104.7,107.3,108.5,108.6,108.5
62,서울 강남지역 10년 초과 ~ 15년 이하,88.5,88.2,88.2,88.7,89,88.8,88.4,88.1,88.4,89.1,89.4,89.3,89,89.2,89.4,89.2,88.9,88.7,88.5,88.6,89,89.4,89.5,89.5,89.5,89.7,90.1,90.8,91.4,92.1,92.4,92.7,93.2,93.7,94.3,94.7,94.8,94.7,94.7,94.8,95,95.2,95.5,95.8,96,96.4,96.8,97,97,97.1,97.2,97.5,98,98.6,99,99.5,99.6,99.7,100,100.7,101.8,103.1,103.9,104.6,104.8
63,서울 강남지역 15년 초과 ~ 20년 이하,83.6,83.3,83.4,83.8,84.2,84.1,83.6,83.4,83.6,84.1,84.2,84,85,85.4,85.8,85.7,85.6,85.6,85.6,85.8,86,86.5,86.6,86.5,86.7,86.9,87.2,88,88.5,89.2,89.8,90.3,90.9,91.5,92.2,92.7,92.9,92.9,92.8,92.9,93.2,93.5,93.8,94.2,94.5,95.1,95.6,95.9,96,96,96.2,96.6,97.1,98,98.5,99.2,99.3,99.6,100,100.6,101.6,103.0,103.6,104.3,104.7
64,서울 강남지역 20년 초과,81.2,81,81.1,81.5,81.9,81.5,80.8,80.3,80.7,81,81,80.8,81.1,81.5,81.9,81.9,81.9,81.9,82,82.2,82.9,83.4,83.5,83.5,83.7,84.1,84.9,85.8,86.6,87.4,88,88.6,89.2,89.8,90.4,90.7,90.7,90.6,90.5,90.7,91,91.7,92.2,92.8,93.5,94.7,95.3,95.2,95.1,95.3,95.5,95.9,96.4,97.9,98.3,99.1,99,99.3,100,101.9,104.8,106.8,107.5,107.7,107.7
65,서울 강남지역 서남권5년 이하,91.8,91.3,91.1,92.1,92.5,91.9,91.7,91.3,91.5,92,91.9,91.9,91.8,92.2,93.3,93.3,93.3,93.7,93.3,93.3,93.8,94.1,94.1,94.2,94.2,94.2,94.1,94.1,94.3,94,94.2,94.5,94.7,94.9,95.2,95.6,95.8,96.2,95.8,95.8,95.7,95.7,96,95.6,95.8,96.1,96.8,96.9,96.9,96.7,96.7,96.7,96.8,97.2,98.1,98.6,98.6,99.1,100,100.1,100.6,101.9,103.0,103.4,104.0
66,서울 강남지역 서남권5년 초과 ~ 10년 이하,87.9,87.5,87.3,87.6,87.9,87.8,87.4,87.1,87.2,87.8,88,87.8,88.2,88.5,88.6,88.4,88.2,88.1,88,88.1,88.2,88.5,88.6,88.6,88.7,88.9,89.2,89.6,90.1,90.9,91.2,91.4,92.1,92.8,93.2,93.8,94,94,94,94.1,94.2,94.4,94.8,95.1,95.4,96,96.3,96.7,96.8,96.9,97.2,97.6,98,98.5,98.8,99.4,99.5,99.6,100,100.8,101.4,102.1,103.3,104.0,104.9
67,서울 강남지역 서남권10년 초과 ~ 15년 이하,87.9,87.6,87.5,87.8,88,87.8,87.5,87.1,87.4,88.1,88.5,88.3,88.2,88.4,88.7,88.5,88.2,87.9,87.7,87.7,88,88.4,88.5,88.5,88.6,88.7,88.9,89.5,90.1,90.9,91.2,91.5,92.1,92.7,93.3,93.8,94,94,94,94.1,94.3,94.6,94.9,95.2,95.4,95.9,96.5,96.7,96.8,96.9,97.1,97.4,97.9,98.5,98.9,99.5,99.6,99.7,100,100.5,101.1,102.0,102.8,103.8,104.2
68,서울 강남지역 서남권15년 초과 ~ 20년 이하,83.7,83.4,83.4,84.1,84.5,84.6,84.1,83.8,84,84.4,84.6,84.3,85,85.5,85.8,85.8,85.7,85.7,85.7,85.6,85.8,86.2,86.3,86.3,86.5,86.6,86.8,87.6,88,88.6,89.3,89.8,90.5,91.1,91.9,92.6,92.9,92.9,92.9,93,93.3,93.6,94,94.4,94.7,95.2,95.8,96.1,96.3,96.3,96.6,97,97.6,98.3,98.8,99.3,99.5,99.7,100,100.4,101.0,101.7,102.1,102.8,103.4
69,서울 강남지역 서남권20년 초과,83.6,83.1,83.1,83.5,83.6,83.2,82.4,82.1,82.2,82.4,82.4,81.9,82.3,82.6,82.8,82.7,82.9,82.8,82.8,82.9,83.5,84.2,84.5,84.6,84.7,85,85.4,86.2,87,87.6,88.2,88.6,89.3,89.9,90.6,91.1,91.2,91.3,91.2,91.3,91.4,91.8,92.2,92.7,93.3,94.1,95,95.1,95.3,95.4,95.6,96.1,96.6,97.7,98.3,99.1,99,99.2,100,101.5,103.1,104.5,104.9,105.0,105.2
70,서울 강남지역 동남권5년 이하,86.1,86,85.9,86.4,86.6,86.3,85.3,84.8,84.7,85.4,85.7,85.9,86.1,86.4,86.8,86.9,86.8,86.8,86.9,87.2,87.6,87.8,87.9,87.7,87.7,87.8,88.1,88.6,89.1,89.4,89.5,91.1,91.7,93,93.9,93.9,93.9,93.9,93.9,93.9,93.9,94.2,94.4,94.4,94.8,94.8,95,95.4,95.4,95.4,95.5,95.7,96.2,98,98.1,99.1,99.7,99.7,100,101.6,104.7,108.6,110.2,110.7,110.5
71,서울 강남지역 동남권5년 초과 ~ 10년 이하,86.5,86.4,86.4,87,87.1,86.8,86.3,86,86.3,86.7,86.6,86.6,85.8,85.9,86.3,86.2,86.1,86.1,86.3,86.5,86.7,87.1,87.2,87.2,87.3,87.6,87.9,88.5,88.7,89.3,89.6,90.2,90.8,91.4,91.7,92.1,92.2,92.2,92.1,92.2,92.4,92.6,92.7,92.9,93.1,93.4,94.1,94.1,94.3,94.4,94.6,94.9,95.2,96.9,97.2,98.1,98,99,100,102.2,106.8,110.6,111.9,111.6,110.8
72,서울 강남지역 동남권10년 초과 ~ 15년 이하,89.4,89.2,89.5,90.3,90.9,90.6,90.2,89.9,90.1,91,91.1,91.2,90.5,90.6,90.8,90.4,90.2,90.2,90.1,90.4,90.9,91.3,91.4,91.2,91.3,91.6,92.2,93.1,93.8,94.4,94.7,95,95.4,95.7,96.1,96.2,96.3,96.1,96.1,96.1,96.4,96.5,96.6,96.8,97,97.2,97.4,97.4,97.2,97.3,97.4,97.7,98.1,98.9,99.2,99.6,99.6,99.7,100,100.9,102.9,104.9,105.6,105.7,105.8
73,서울 강남지역 동남권15년 초과 ~ 20년 이하,83.3,83,83.1,83.1,83.4,83.1,82.8,82.4,82.7,83.5,83.5,83.4,84.8,85.1,85.5,85.5,85.4,85.3,85.5,85.8,86.3,86.9,86.9,86.8,86.9,87.2,87.8,88.7,89.4,90.3,90.7,91.1,91.5,92.2,92.7,92.8,92.9,92.8,92.6,92.6,92.7,93.1,93.3,93.6,93.9,94.7,95.3,95.3,95.2,95,95.1,95.4,95.7,97.3,97.7,98.8,98.8,99.3,100,101.3,103.1,106.0,107.5,108.0,108.0
74,서울 강남지역 동남권20년 초과,79.9,79.7,80,80.3,80.9,80.5,79.8,79.3,79.7,80.2,80.1,80.1,80.4,80.8,81.3,81.4,81.3,81.3,81.4,81.7,82.4,82.9,82.9,82.7,83,83.6,84.5,85.5,86.3,87.2,87.8,88.5,89.1,89.7,90.2,90.5,90.3,90.1,90.1,90.3,90.8,91.6,92.3,92.8,93.6,95.1,95.5,95.3,95.1,95.2,95.5,95.7,96.3,98,98.3,99,98.9,99.4,100,102.2,106.1,108.8,109.7,109.9,109.7
75,경기  5년 이하,93.8,93.3,92.8,92.5,92.6,92.4,91.9,91.7,91.5,91.8,91.9,92.1,92.8,93,93.2,93.1,92.9,92.9,92.7,92.7,93.1,93.4,93.5,93.5,93.7,94,94.4,94.9,95.5,96.3,96.5,96.8,97.2,97.6,98,98.1,98.2,98.2,98.2,98.1,98.1,98,98,98,98.3,98.5,98.7,98.7,98.8,98.7,98.7,98.6,98.7,98.6,98.8,99.1,99.6,99.8,100,100.0,100.1,100.7,101.3,101.9,102.1
76,경기  5년 초과 ~ 10년 이하,91.6,91.2,91,91.1,91.4,91.4,91.3,91.1,91.2,91.6,91.8,92,91.9,92.3,92.8,92.8,92.7,92.7,92.7,92.8,93.2,93.5,93.8,93.9,94,94.4,94.8,95.4,95.9,96.3,96.7,97,97.3,97.7,98,98.2,98.3,98.3,98.3,98.3,98.3,98.4,98.4,98.4,98.5,98.7,98.9,98.9,98.9,98.9,98.9,99,99.1,99.3,99.4,99.6,99.7,99.9,100,99.9,100.1,100.3,100.4,100.5,100.5
77,경기  10년 초과 ~ 15년 이하,90.5,90.1,89.9,90,90.2,90.3,90.1,89.9,89.9,90.4,90.7,90.8,90.9,91.1,91.6,91.5,91.4,91.5,91.6,91.8,92.3,92.6,92.9,93.1,93.3,93.7,94.1,94.8,95.4,95.9,96.4,96.7,97.2,97.7,98.1,98.3,98.3,98.3,98.3,98.2,98.3,98.3,98.4,98.5,98.6,98.8,99,99,99,99,99.1,99.1,99.2,99.4,99.5,99.8,99.8,99.9,100,100.0,99.9,99.9,100.0,100.1,100.1
78,경기  15년 초과 ~ 20년 이하,87.6,87.2,87,86.9,87.1,87.2,87.1,86.9,87,87.5,87.7,88,88.5,89,89.5,89.6,89.5,89.5,89.5,89.8,90.5,90.9,91.1,91.4,91.7,92.1,92.6,93.4,94,94.6,95.1,95.6,96.2,96.9,97.3,97.5,97.5,97.5,97.5,97.6,97.7,97.8,97.9,98.1,98.2,98.4,98.7,98.7,98.7,98.8,98.8,98.9,99.1,99.3,99.5,99.7,99.8,99.9,100,100.0,99.8,99.8,99.8,99.8,99.6
79,경기  20년 초과,86.9,86.6,86.3,86.2,86,85.9,85.6,85.3,85.3,85.5,85.7,85.7,86.4,86.6,86.9,86.9,86.8,86.6,86.7,86.8,87.4,88.1,88.4,88.6,88.8,89.4,90,90.9,91.7,92.4,92.9,93.4,94,94.6,95.2,95.4,95.5,95.5,95.5,95.5,95.6,95.8,96,96.2,96.3,96.6,97,97.1,97.1,97.1,97.2,97.3,97.5,97.9,98.3,99.2,99.5,99.7,100,100.1,100.3,100.8,101.1,101.3,101.3
80,경기 경부1권 5년 이하,89.9,89.1,88.3,88.3,88.6,88.7,88.7,88.6,88.7,89.1,89.3,89.8,90.1,90.3,90.7,90.8,90.9,90.8,90.7,91,91.3,91.9,92,92.2,92.2,92.7,92.9,93.1,93.3,94.2,94.5,95.3,95.7,96,96.2,96.4,96.4,96.4,96.4,96.5,96.3,96.3,96.9,97.1,97.3,97.5,97.7,97.6,97.5,97.4,97.5,97.7,97.9,98.3,98.7,99.1,99.5,99.6,100,100.5,101.0,102.2,103.6,104.1,104.5
81,경기 경부1권 5년 초과 ~ 10년 이하,90.7,90.3,90,90.4,90.6,90.5,90,89.8,89.9,90.4,90.5,90.8,91.1,91.5,91.6,91.7,91.8,91.6,91.6,91.8,92,92.3,92.7,92.9,93,93.5,93.8,94.3,94.7,95.1,95.6,95.8,96.1,96.3,96.5,96.7,96.7,96.7,96.7,96.6,96.8,96.9,97,97.1,97.1,97.2,97.3,97.3,97.3,97.2,97.2,97.2,97.3,97.4,97.6,98.3,99,99.4,100,100.1,101.2,102.4,103.0,103.3,103.4
82,경기 경부1권 10년 초과 ~ 15년 이하,85.3,84.6,84,84.4,84.5,84.7,84.8,84.8,84.9,85.9,86.5,87.1,86.8,87.6,88.2,88.5,88.6,89.1,89.2,89.3,90.3,90.6,91.3,91.5,91.7,92,92.6,93.8,94.5,95.1,95.5,96,96.4,97,97.3,97.5,97.5,97.4,97.4,97.3,97.4,97.6,97.7,97.7,97.8,98.1,98.1,98.2,98.2,98.2,98.3,98.3,98.3,98.4,98.6,99.1,99.4,99.7,100,100.2,100.5,100.9,101.3,101.9,102.2
83,경기 경부1권 15년 초과 ~ 20년 이하,84.5,83.9,83.8,84.1,84.4,84.8,84.6,84.3,84.6,85,85.2,85.6,86.2,86.9,87.6,87.6,87.6,87.5,87.6,87.8,88.5,88.9,89.2,89.6,89.8,90.2,90.9,91.9,92.6,93.2,93.8,94.2,94.6,95.6,96.1,96.3,96.4,96.4,96.5,96.8,97,97.2,97.3,97.5,97.7,97.9,98,98.1,98,98.1,98,98.1,98.4,98.5,98.6,98.9,99.3,99.8,100,100.3,100.5,101.2,101.6,102.0,102.1
84,경기 경부1권 20년 초과,87.4,86.9,86.6,86.5,86,85.9,85.3,85,84.9,85.2,85.6,85.3,86.1,86.3,86.8,86.9,86.8,86.7,86.8,86.9,87.5,88,88.3,88.3,88.4,88.8,89.6,90.7,91.4,92,92.4,92.9,93.3,93.9,94.4,94.5,94.6,94.6,94.5,94.5,94.7,95,95.2,95.3,95.4,95.5,95.6,95.7,95.7,95.8,95.9,96.1,96.3,96.6,97.2,98.4,99.1,99.5,100,100.4,101.2,102.9,104.0,104.6,104.9
85,경기 경부2권 5년 이하,93,92.5,92.1,91.8,91.8,91.7,91.2,91,90.9,91,91,91.2,91.7,91.6,91.5,91.1,90.9,90.8,90.7,90.8,91.4,91.9,92,92.3,92.6,92.6,93,93.3,94.2,95.1,95.1,95.2,95.5,95.8,96.1,96.2,96.3,96.4,96.7,96.6,96.5,96.1,96.1,95.9,95.9,96,96.3,96.2,96.2,96.4,96.6,96.7,96.6,96.7,96.9,97.1,99,99.5,100,100.1,100.1,100.8,101.7,102.2,103.0
86,경기 경부2권 5년 초과 ~ 10년 이하,94.1,93.8,93.7,93.7,93.9,94.2,94,93.7,93.6,93.6,93.7,93.9,94,94.4,95,94.9,94.9,94.9,95.1,95.2,95.5,95.8,95.9,96.1,96.2,96.6,97.2,97.7,97.9,98.2,98.3,98.8,99.2,99.5,99.9,100,100.1,100.1,100.1,100.1,100.1,100.1,100.1,100.1,100,100.1,100.2,100.2,100.3,100.3,100.3,100.2,100.2,100.3,100.2,100.1,100,100,100,99.8,99.8,100.1,100.2,100.3,100.7
87,경기 경부2권 10년 초과 ~ 15년 이하,92.8,92.5,92.3,92.6,92.8,92.9,93,92.7,92.7,92.9,93.2,93.4,93.2,93.3,93.7,93.6,93.5,93.5,93.7,94,94.5,94.9,95.3,95.5,95.8,96.3,96.6,97,97.5,97.9,98.3,98.7,99.1,99.5,99.8,100,100,100,100,100,100,100,100,100,100,100.1,100.2,100.2,100.2,100.2,100.2,100.2,100.1,100.1,100.2,100.2,100.1,100.1,100,99.9,99.8,99.8,100.0,100.4,100.6
88,경기 경부2권 15년 초과 ~ 20년 이하,88.9,88.7,88.6,89,89.3,89.6,89.6,89.4,89.3,89.5,89.7,90,90.8,91.3,91.7,91.6,91.6,91.8,91.8,92.1,93.1,93.5,94,94.4,94.8,95.2,95.7,96.2,96.9,97.4,97.8,98.2,98.5,98.9,99.3,99.4,99.5,99.4,99.2,99.1,99,99,99,99.1,99.2,99.2,99.4,99.4,99.5,99.5,99.6,99.7,99.9,100,100.1,100,99.9,99.9,100,99.9,99.9,99.9,100.0,100.3,100.1
89,경기 경부2권 20년 초과,85.1,85,85,85.2,85.2,85.3,85.3,85,84.8,84.7,84.4,84.9,86.1,86.4,86.7,86.7,86.6,86.7,86.7,87.2,88,88.2,88.7,89.3,89.8,90.4,91,91.6,92.2,93.1,93.6,94.1,94.9,95.3,95.8,96.1,96.2,96.3,96.4,96.6,96.7,96.9,97.2,97.4,97.6,97.8,97.9,98,98.1,98.1,98.3,98.4,98.6,98.9,99.2,99.5,99.7,99.8,100,100.0,100.2,100.4,100.8,101.0,100.8
90,경기 서해안권 5년 이하,97.1,96.9,96.3,96.5,96.8,96.7,96.2,95.8,95.6,96,96.3,96.6,97.6,97.7,97.9,97.9,97.7,97.7,97.3,97.1,97.5,97.5,97.6,97.6,97.8,98,98.1,98.3,98.6,99.2,99.5,99.5,99.7,100.2,100.4,100.6,100.6,100.7,100.7,100.7,100.7,100.7,100.4,100.4,100.4,100.4,100.5,100.6,100.8,100.9,101,100.8,100.9,100.6,100.6,100.5,100.4,100.4,100,99.9,99.8,100.4,100.6,101.2,101.0
91,경기 서해안권 5년 초과 ~ 10년 이하,90.6,90.4,90.1,90.3,90.8,90.9,90.9,90.8,90.9,91.4,91.7,92,91.3,91.6,92,92,92.1,92.1,92.2,92.4,93,93.3,93.8,94,94.2,94.4,94.7,95.3,95.9,96.4,96.7,97,97.2,97.4,97.6,97.8,97.8,97.8,97.7,97.8,97.8,97.8,97.8,97.9,97.9,98,98.3,98.4,98.4,98.5,98.6,98.9,99.1,99.3,99.5,99.6,99.8,99.9,100,99.9,99.9,99.8,99.7,99.6,99.7
92,경기 서해안권 10년 초과 ~ 15년 이하,89.3,88.9,88.8,89.1,89.4,89.7,89.6,89.5,89.6,90.1,90.4,90.5,90.4,90.7,91.1,91.2,91.3,91.5,91.7,92.1,93,93.5,93.8,94.1,94.3,94.7,95.1,95.8,96.5,97.2,97.6,97.9,98.2,98.6,98.9,99,99.1,99.1,98.9,98.6,98.6,98.7,98.8,98.8,98.9,99,99.1,99.1,99.1,99.2,99.2,99.3,99.4,99.5,99.7,99.8,99.9,100,100,99.9,99.9,99.6,99.4,99.4,99.1
93,경기 서해안권 15년 초과 ~ 20년 이하,88.4,87.9,87.7,87.7,87.9,88,88,87.7,87.8,88.5,89,89.3,89.5,90,90.6,90.6,90.6,90.6,90.8,90.9,91.6,91.9,92,92.2,92.4,92.7,93.2,94.1,94.7,95.4,95.9,96.3,96.6,97.3,97.7,97.9,97.9,97.9,98,98.1,98.1,98.3,98.4,98.6,98.6,98.8,98.8,98.9,99,99.1,99.1,99.3,99.4,99.4,99.5,99.5,99.7,99.9,100,100.0,99.3,99.0,98.8,98.5,98.1
94,경기 서해안권 20년 초과,85.3,85.1,84.7,84.5,84.7,84.9,85,84.6,84.7,84.9,85.1,85.4,85.9,86.3,86.7,86.6,86.5,86.3,86.4,86.5,87.3,88.2,88.7,88.9,89.1,89.8,90.6,91.8,92.8,93.5,94.1,94.6,95.2,96,96.7,97,97.1,97.1,97.1,96.9,96.9,97.2,97.4,97.6,97.8,98,98.3,98.4,98.4,98.4,98.4,98.5,98.8,99,99.1,99.6,99.8,99.9,100,99.9,99.8,99.9,99.9,99.7,99.5
95,경기 동부1권 5년 이하,89.3,89.2,88.9,88.7,88.8,88.2,87.9,87.7,87.5,87.7,87.5,87.3,88,87.9,87.9,87.8,87.5,87.4,87.4,87.4,87.6,87.9,87.9,87.9,87.9,88,88.5,89,89.3,89.7,90.3,90.4,90.7,91.4,92.4,92.6,92.6,92.6,92.6,92.6,92.8,92.8,93,93,94.3,94.8,95,94.9,94.8,94.9,94.8,95,95.8,96.6,96.6,98.7,98.7,99.4,100,100.0,100.0,100.9,102.9,104.3,104.7
96,경기 동부1권 5년 초과 ~ 10년 이하,92.2,91.6,91.3,91.5,91.9,91.8,91.6,91.4,91.4,91.9,92.1,92.1,91.8,92.2,92.5,92.5,92.5,92.6,92.5,92.4,92.6,92.8,93,93.1,93.2,93.4,93.7,94.4,95,95.5,96,96.2,96.6,97.2,97.7,98.2,98.3,98.3,98.4,98.5,98.4,98.5,98.6,98.7,98.8,98.9,99.1,99.1,99.1,99.1,99.1,99.2,99.3,99.6,99.8,99.8,99.9,100,100,100.0,99.9,99.6,99.7,99.8,99.8
97,경기 동부1권 10년 초과 ~ 15년 이하,92.1,91.6,91.2,91.4,91.4,91.5,91.1,90.9,90.6,90.8,91,90.8,91.2,91.4,91.8,91.8,91.7,91.6,91.6,91.7,91.7,91.9,92,92.1,92.1,92.3,92.7,93.7,94.3,94.8,95.3,95.5,95.8,96.3,96.9,97.2,97.2,97.2,97.3,97.3,97.4,97.5,97.6,97.7,97.9,98.2,98.4,98.5,98.5,98.5,98.6,98.8,99.1,99.3,99.4,99.6,99.6,99.8,100,100.1,100.2,100.0,100.2,100.3,100.1
98,경기 동부1권 15년 초과 ~ 20년 이하,89.2,88.7,88.5,87.9,88,88.1,87.9,87.7,87.6,88.2,88.3,88.2,89.3,89.9,90.1,90.1,90.3,90.2,90,90.1,90.7,91.2,91.4,91.5,91.5,91.6,91.9,92.5,93.1,93.9,94.3,94.6,95.1,95.9,96.3,96.8,96.8,96.9,96.9,97.1,97.1,97.2,97.3,97.6,97.8,97.9,98.2,98.1,98.1,98.1,98.1,98.2,98.4,98.8,99.1,99.5,99.6,99.9,100,100.0,99.9,100.0,100.1,99.8,99.8
99,경기 동부1권 20년 초과,92.2,92,92.4,93.1,94.1,94.1,93.3,92.7,92.6,93.2,93.4,93,91.6,91.6,91.9,92,91.6,91.1,91.1,90.8,90.6,90.7,91,91.3,91.6,91.8,92.1,92.3,92.9,93.5,93.8,94.4,95.3,95.8,96.2,96.8,96.8,96.8,96.8,96.6,96.6,96.6,96.7,96.8,96.9,97.2,97.9,98.2,98.2,98.1,98.2,98.4,98.6,99,99.3,99.5,99.6,99.9,100,100.0,100.1,100.0,99.7,99.9,100.6
100,경기 동부2권 5년 이하,92.7,92.8,92.5,92.7,92.9,93,92.4,92.3,92.4,92.5,92.6,92.8,93.1,93.3,93.7,94.1,94.1,94.4,94.7,94.8,94.7,94.5,94.2,94.2,94.2,94.3,94.4,94.5,94.7,94.8,94.9,95.1,95.5,95.8,95.8,95.8,95.8,95.8,95.9,95.8,96.3,96.4,96.5,96.9,96.9,97.4,98.3,98.8,98.8,98.8,98.8,98.8,98.8,98.8,99.5,99.5,99.5,100,100,100.0,100.8,101.2,102.2,102.8,103.2
101,경기 동부2권 5년 초과 ~ 10년 이하,86.2,86.2,86.7,86.8,87.1,87.1,87.5,87.2,87.6,88.1,88.6,89,89.8,90.1,90.7,91.3,91.1,91,91.2,91.3,91.5,91.9,92.2,92.2,92.4,93,93.9,94.5,95.2,95.8,96,96.1,96.2,96.4,96.6,96.7,96.8,97.1,97.1,97.3,97.4,97.7,97.8,97.9,98.3,98.5,98.6,98.7,98.8,98.8,98.9,99.1,99.4,99.5,99.5,99.5,99.8,99.9,100,100.0,100.0,100.3,100.4,100.4,100.5
102,경기 동부2권 10년 초과 ~ 15년 이하,89,89.3,89.8,89.8,90.4,90.8,91.1,91,91.1,91.3,91.5,91.7,92.8,92.9,93.6,93.4,93.3,93.4,93.4,93.6,93.7,93.9,94.3,94.6,94.9,95.3,95.5,96,96.6,96.9,97.2,97.3,97.5,97.8,98.3,98.5,98.6,98.7,98.6,98.8,99.2,99.4,99.6,99.8,99.6,99.7,100,100.2,100,100,100.3,100.3,100.1,100.2,100.3,99.9,99.8,100,100,99.8,99.4,99.3,99.6,99.8,99.8
103,경기 동부2권 15년 초과 ~ 20년 이하,87.1,87.3,87.4,88,88.6,89.1,89.8,90,90.2,90.9,91,91.5,89.6,90.2,90.8,90.9,91,90.8,91.1,91.4,91.7,92,92.2,92.3,92.8,93.4,94.1,94.9,95.5,96.4,96.9,97.3,97.5,98.2,98.8,99.1,99.3,99.3,99.5,99.5,99.7,99.6,99.7,99.7,100,100.2,100.5,100.5,100.4,100.5,100.6,100.7,100.9,100.8,100.9,100.8,100.6,100.7,100,100.0,99.9,99.4,99.2,99.3,99.1
104,경기 동부2권 20년 초과,82.3,82.3,82.6,84.4,85.8,85.8,84.9,85.8,86.4,88.3,88.9,89.7,92.9,93,93,92.9,92.9,93,93,93,93.2,93.2,93.2,93.5,93.6,93.9,93.8,94.2,94.4,94.7,95,95.3,96.4,97.2,97.3,97.6,97.9,98,98.2,98.9,99.1,99.2,98.7,98.6,98.5,99,99.7,99.6,99.5,99.6,99.5,99.8,99.5,99.6,99.3,99.4,99.7,99.8,100,100.1,100.0,100.6,100.7,100.0,100.1
105,경기 경의권 5년 이하,93.8,92.8,92.4,91.2,90.9,90.3,89.6,89.3,89,89.4,89.3,89.2,90.9,91.6,92.2,92.1,91.8,91.9,91.7,91.5,91.9,92.1,92.2,92.2,92.2,92.7,93.4,94.6,95.2,96.1,96.5,96.8,97.4,97.7,98.2,98.4,98.3,98.3,98.3,97.9,97.8,97.7,97.7,97.8,98.3,98.8,98.9,99,98.9,98.6,98.4,98.3,98.2,98.2,98.4,99,99.1,99.5,100,100.1,100.2,100.1,99.9,99.8,99.9
106,경기 경의권 5년 초과 ~ 10년 이하,88.6,88.2,88,87.3,87.8,87.2,87.2,87.1,87.8,88.5,89,89.2,90.1,90.8,91.7,91.5,91,91,90.7,90.7,91.1,91.5,91.9,91.9,92,92.7,93.4,94.3,95.1,95.8,96.3,96.7,97.3,98,98.6,98.7,98.8,98.7,98.7,98.4,98.5,98.5,98.4,98.4,98.6,99.2,99.4,99.4,99.3,99.2,99,98.8,98.8,99,99.4,99.8,99.9,100,100,100.0,99.9,100.1,100.4,100.2,100.1
107,경기 경의권 10년 초과 ~ 15년 이하,87,86.6,86.2,85.9,86,86.1,85.7,85.6,86.1,87.2,87.3,87.4,87.8,88.5,89.3,88.9,88.5,88.7,88.5,88.6,89.1,89.4,89.8,89.8,89.9,90.5,91.1,91.9,92.4,93.3,94.1,94.4,95.1,96,96.3,96.6,96.6,96.6,96.6,96.6,96.6,96.7,96.8,96.9,97,97.7,98,98.1,98,97.9,97.9,98,98.2,98.4,99,99.6,99.6,99.8,100,99.9,99.7,99.6,99.7,99.7,99.7
108,경기 경의권 15년 초과 ~ 20년 이하,83.2,82.8,82.4,81.9,81.8,81.7,81.6,81.6,81.8,82.4,82.5,82.9,83.5,84,84.5,84.7,84.5,84.3,84.3,84.8,85.4,86.1,86.3,86.6,86.9,87.7,88.6,89.5,90,90.8,91.5,92.4,93.5,94.5,94.9,95.1,95.1,95.1,95.1,95.2,95.4,95.6,95.7,95.9,96,96.5,97.2,97.3,97.2,97.2,97.2,97.5,97.8,98.2,98.7,99.5,99.8,99.8,100,100.0,99.9,99.7,99.6,99.4,99.3
109,경기 경의권 20년 초과,95,94.5,92.5,91.7,89.1,86.8,86.2,86.2,86.2,86.3,86.3,86.3,87.6,87,86.5,86.9,86.3,85.5,85.2,85.1,85.4,86.4,86.4,87,87.1,88,88.2,88.7,89.4,90.6,91.1,91.7,92.2,92.8,93.5,93.6,93.7,93.7,93.5,93.6,93.8,93.9,94.1,94.2,94.4,95.3,96,96.1,96.1,96.1,96.1,96.4,96.6,96.9,98,99.5,99.5,99.8,100,99.8,99.7,99.6,99.4,99.3,99.3
110,경기 경원권 5년 이하,-,-,-,-,-,-,-,-,-,-,-,-,-,-,-,-,-,-,-,-,-,-,-,-,-,-,-,-,-,-,-,-,-,-,-,-,-,-,-,-,-,-,-,-,-,-,-,-,-,-,-,-,-,-,-,-,-,-,100,100.0,100.0,100.0,100.0,100.0,100.0
111,경기 경원권 5년 초과 ~ 10년 이하,94,93.2,92.6,92.8,93.3,93.3,93.1,92.8,92.5,92.8,92.9,93,93.1,93.3,93.8,93.9,93.7,93.6,93.6,93.5,93.5,93.7,93.8,94,94.1,94.1,94.4,94.8,94.9,95.3,95.7,95.9,96.2,96.6,97,97.1,97.1,97.2,97.3,97.3,97.5,97.7,97.8,98,98.1,98.4,98.6,98.6,98.6,98.7,98.6,98.7,98.9,99,99.2,99.4,99.4,99.6,100,100.0,100.0,100.4,100.6,100.7,100.7
112,경기 경원권 10년 초과 ~ 15년 이하,94,93.7,93.2,92.7,92.6,92.5,91.5,91.1,91.2,91.4,91.5,91.4,92,91.9,92.1,91.7,91.6,91.5,91.5,91.4,91.5,91.6,91.7,91.8,91.8,91.9,92.1,92.8,93.1,93.7,94.1,94.5,95,95.4,96,96.3,96.4,96.4,96.5,96.7,96.9,97.2,97.5,97.7,97.9,98.1,98.4,98.4,98.4,98.5,98.5,98.6,98.9,99.3,99.4,99.7,99.8,99.9,100,100.0,99.9,99.8,99.8,99.7,99.5
113,경기 경원권 15년 초과 ~ 20년 이하,96,95.7,95.1,94.8,94.8,94.9,93.6,93,93.2,93.2,93.3,92.9,92.7,92.7,92.5,92.5,92.3,92.3,92.2,92.1,92.3,92.5,92.7,92.9,93.1,93.3,93.4,93.8,94.2,94.5,94.8,95.3,95.8,96.1,96.5,96.6,96.6,96.6,96.6,96.9,97.3,97.5,97.6,97.9,98.1,98.4,98.8,99,99,99,99,99.2,99.3,99.5,99.7,99.7,99.8,99.9,100,100.0,100.1,100.1,100.1,100.1,100.1
114,경기 경원권 20년 초과,98.1,97.7,97.7,97.7,96.3,95.7,94.7,94.5,93.2,93.2,92.9,91.3,90.8,91,91,90.6,90.6,90.1,89.6,89.7,89.7,90.3,90.7,90.7,90.4,90.3,90.5,90.9,91.4,92,92.2,92.8,93.6,94,94.4,95,95.3,95.2,95.1,95.4,95.5,96.5,96.6,96.8,96.8,97.1,97.4,97.5,97.5,97.5,97.5,97.8,98.4,98.7,99.2,99.6,99.7,99.7,100,100.1,100.1,100.0,100.0,100.0,100.1
115,인천  5년 이하,92.9,92.1,91.7,91.6,91.6,91.4,91.3,91.1,91.1,91.7,92,92.2,92.4,92.5,92.8,92.8,93.1,93,93.1,93.2,93.3,93.6,94,93.9,94.2,94.5,94.8,95.3,95.6,96.3,96.5,96.7,96.9,97.2,97.8,98,98,98,97.9,98,98,98,98.1,98.1,98,98,98.2,98.3,98.3,97.8,98,98.1,98.2,98.4,98.6,98.8,99.1,99.4,100,100.2,100.3,100.5,100.7,100.8,100.8
116,인천  5년 초과 ~ 10년 이하,90,89,88.5,88.7,88.8,88.9,88.7,88.5,88.9,90.1,90.7,90.9,91.3,91.5,92.3,92.4,92.6,92.8,92.8,92.9,93.2,93.5,93.8,93.9,94,94.3,94.9,96.1,96.7,97.3,97.6,97.8,97.9,98.1,98.4,98.5,98.5,98.6,98.6,98.5,98.4,98.5,98.6,98.7,98.8,99,99.1,99.1,99.1,99.1,99.1,99.1,99.2,99.2,99.2,99.5,99.7,99.9,100,99.9,100.0,100.1,100.1,100.1,100.1
117,인천  10년 초과 ~ 15년 이하,86.2,85.9,85.5,85.8,85.8,85.9,86.2,85.9,86,87,87.6,88.1,87.8,88.3,89.1,89.7,90.1,90.1,90.3,90.5,90.9,91.4,91.5,91.7,91.9,92.1,92.5,93,93.7,94.5,95,95.4,95.9,96.3,96.7,96.9,97,97,97,97.1,97.2,97.3,97.5,97.9,98.1,98.4,98.6,98.7,98.7,98.6,98.6,98.7,98.8,98.9,98.9,99.4,99.6,99.9,100,99.9,99.8,99.8,99.9,99.8,99.7
118,인천  15년 초과 ~ 20년 이하,84.2,83.7,83.5,83.7,84.1,84.3,84.3,84.3,84.5,85,85.5,85.7,87.4,88.1,89,89.6,89.7,89.7,90,90.2,90.5,90.8,91.1,91.3,91.3,91.6,91.9,92.5,93.1,93.7,94.2,94.6,95.2,95.5,95.9,96.4,96.4,96.4,96.5,96.7,96.7,96.9,97.2,97.4,97.6,97.9,98.3,98.4,98.5,98.4,98.4,98.5,98.5,98.7,98.7,99.2,99.6,99.8,100,100.0,99.8,99.8,99.8,99.7,99.5
119,인천  20년 초과,92.1,91.7,91.2,91.3,91.2,91.1,90.6,90.6,90.5,90.7,91.1,91.2,91.4,91.5,91.7,91.6,91.5,91.5,91.5,91.6,92,92.1,92.3,92.5,92.7,92.9,93.3,93.9,94.4,95.1,95.4,95.7,96.1,96.5,96.9,97.1,97.1,97.1,97.1,97.2,97.3,97.5,97.6,97.9,98,98.1,98.3,98.4,98.3,98.3,98.3,98.4,98.4,98.6,98.8,99.3,99.6,99.7,100,100.0,100.0,100.1,100.1,100.1,100.0
120,부산  5년 이하,93.4,93.1,92.9,92.6,92.5,92.3,91.9,91.8,91.6,91.6,91.8,91.8,91.6,91.7,91.6,91.7,91.9,92.1,92.5,92.5,92.7,92.8,93.1,93.4,93.4,93.5,93.7,93.7,94.2,94.6,94.8,94.9,95.2,95.6,96,96.3,96.3,96.4,96.4,96.5,96.5,96.6,96.9,97.1,97.3,97.7,98.3,98.5,98.6,98.8,98.9,99.1,99.5,99.7,99.9,100.1,100.1,100.1,100,99.9,99.8,99.7,99.6,99.3,99.0
121,부산  5년 초과 ~ 10년 이하,88.9,88.7,88.7,88.7,88.6,88.5,88.4,88.4,88.4,88.6,88.6,88.7,88.5,88.6,88.8,89,89.1,89.1,89.3,89.3,89.5,89.8,89.9,90.1,90.1,90.4,90.7,91.1,91.4,91.9,92.2,92.5,92.8,93.4,94,94.3,94.4,94.4,94.4,94.6,94.7,94.8,95.1,95.6,96,96.7,97.4,98,98.2,98.5,98.6,98.8,99.3,99.7,99.9,100.1,100.1,100,100,99.9,99.8,99.7,99.6,99.3,99.0
122,부산  10년 초과 ~ 15년 이하,87.4,87.2,87,87.2,87.4,87.5,87.6,87.5,87.6,87.6,87.8,87.9,88.2,88.3,88.5,88.5,88.7,89,89.2,89.4,89.5,89.6,89.9,90,90.1,90.4,90.7,91,91.4,91.9,92.4,92.7,93,93.6,94.3,94.5,94.6,94.8,95,95,95.2,95.4,95.5,95.9,96.3,97.1,97.8,98.1,98.3,98.5,98.7,98.9,99.2,99.6,99.8,100,100,100,100,99.9,99.8,99.7,99.5,99.2,98.9
123,부산  15년 초과 ~ 20년 이하,88.1,87.8,87.5,87.6,87.6,87.6,87.4,87.2,87.2,87.3,87.4,87.5,87.6,87.7,87.8,87.9,87.9,87.9,88.1,88.2,88.5,88.7,88.8,89,89.1,89.3,89.7,90.5,90.9,91.2,91.5,91.7,91.9,92.5,93.3,93.6,93.6,93.7,93.8,93.9,94,94.2,94.4,95.1,95.7,96.7,97.8,98.2,98.5,98.7,98.8,99,99.3,99.6,99.9,100,100.1,100,100,99.9,99.8,99.5,99.3,98.9,98.6
124,부산  20년 초과,88.5,88.4,88.2,88.2,88.4,88.3,88.1,88,88,88.3,88.3,88.4,88.2,88.4,88.4,88.4,88.5,88.4,88.3,88.3,88.4,88.7,89,89.2,89.3,89.4,89.9,90.3,90.7,91.3,91.6,91.8,92.3,92.7,93.2,93.6,93.6,93.6,93.7,93.9,94.1,94.4,94.7,94.9,95.4,96.1,96.8,97.5,97.8,98.1,98.3,98.6,99.1,99.6,99.9,100.2,100.2,100.1,100,99.8,99.6,99.3,99.0,98.7,98.4
125,부산 중부산권 5년 이하,90.9,90.8,90.5,90.2,90.3,90,89.5,89.6,89.2,89.3,89.4,89.5,88.8,89.2,88.9,89.2,89.5,89.9,90.4,90.3,90.7,91.1,91.4,92.1,92.2,92.2,92.4,92.3,93.1,93.4,93.4,93.2,93.5,93.9,94.7,95.5,95.5,95.2,95.3,95.2,95.3,95.5,96.2,96.7,97.2,98,98.9,99.4,99.6,99.2,99.2,99,99.4,99.5,99.6,99.8,99.8,99.8,100,100.0,100.0,99.9,99.9,99.7,99.4
126,부산 중부산권 5년 초과 ~ 10년 이하,89.2,89.1,89.1,88.9,88.6,88.6,88.4,88.4,88.3,88.4,88.2,88.3,87.9,88,88.3,88.6,88.7,88.6,88.8,88.8,89.1,89.3,89.4,89.7,89.9,90.1,90.4,91,91.3,92.1,92.3,92.7,93,93.7,94.3,94.6,94.7,94.9,94.9,95,95.1,95.2,95.5,96.1,96.6,97.2,97.8,98.2,98.5,98.7,98.8,99.1,99.3,99.6,99.8,100.2,100.1,100.1,100,99.9,100.1,100.0,100.0,99.6,99.3
127,부산 중부산권 10년 초과 ~ 15년 이하,85.7,85.4,85.3,85.4,85.5,85.5,85.5,85.4,85.4,85.4,85.7,85.7,86.6,86.6,87,86.9,87.2,87.7,88,88.5,88.6,88.8,89.2,89.4,89.5,89.9,90.3,90.7,91.3,91.9,92.5,92.9,93.2,93.8,94.2,94.5,94.7,94.9,95.2,95.2,95.4,95.6,95.9,96.2,96.5,97.1,97.6,97.8,98,98.3,98.4,98.6,99,99.5,99.7,100,100,100.1,100,99.9,99.9,99.8,99.7,99.3,98.9
128,부산 중부산권 15년 초과 ~ 20년 이하,88.6,88.4,88.3,88.1,88.1,87.9,87.5,87.4,87.4,87.2,87.3,87.3,87.5,87.7,87.6,87.8,87.9,88,88.3,88.5,88.8,89,89.2,89.3,89.4,89.7,90,90.8,91.1,91.4,91.8,92,92.3,92.8,93.8,94,93.9,94.2,94.3,94.4,94.5,94.5,94.6,94.8,95.3,95.9,97,97.4,97.7,97.9,98.1,98.3,98.7,99.2,99.4,99.8,99.9,99.9,100,100.0,100.0,99.8,99.5,99.2,98.7
129,부산 중부산권 20년 초과,86.3,86.3,86.2,86.2,86.5,86.4,86.4,86.2,86.2,86.4,86.3,86.4,86.3,86.5,86.6,86.6,86.8,86.7,86.7,86.7,86.9,87.2,87.5,87.7,88,88.3,89,89.5,89.9,90.5,90.9,91.2,91.9,92.6,93.2,93.6,93.7,93.7,93.8,94.1,94.1,94.2,94.5,95,95.5,96.4,97.1,97.7,98,98.1,98.2,98.6,99.1,99.7,100,100.3,100.2,100.2,100,99.6,99.2,99.0,98.6,98.1,98.0
130,부산 동부산권 5년 이하,93.2,92.7,92.5,92.3,92.3,92.1,92,91.9,91.7,91.7,91.8,91.8,92.2,92.2,92.1,92.2,92.3,92.5,92.9,92.9,93.2,92.8,93.1,93.3,93.3,93.4,93.6,93.6,94,94.6,94.9,95.2,95.7,96.1,96.4,96.6,96.7,96.8,96.9,97,97,97.1,97.2,97.3,97.5,97.7,98,98.1,98.2,98.5,98.5,98.9,99.4,99.7,100,100.3,100.1,100.1,100,99.8,99.4,99.4,99.1,98.5,98.2
131,부산 동부산권 5년 초과 ~ 10년 이하,88.7,88.3,88.2,88.1,88.1,88,88,87.9,87.8,87.9,88.1,88.1,88.2,88.3,88.3,88.4,88.5,88.6,88.8,88.8,89.1,89.3,89.4,89.6,89.7,90,90.6,91,91.1,91.6,92.3,92.5,93,93.6,94.5,94.8,94.8,94.7,94.8,95,95.2,95.2,95.5,96.1,96.5,97.2,97.9,98.5,98.7,98.8,98.9,99,99.4,99.8,100.1,100.1,100.1,100,100,99.9,99.7,99.5,99.4,99.3,98.7
132,부산 동부산권 10년 초과 ~ 15년 이하,86.2,85.9,85.7,85.8,85.8,85.8,85.7,85.6,85.5,85.6,85.7,85.9,85.2,85.3,85.3,85.4,85.4,85.5,85.6,85.7,85.6,85.8,85.9,86.1,86.3,86.7,86.9,86.9,87.4,88.1,88.7,89.2,89.8,91.1,92.7,92.8,93,93.3,93.5,93.6,93.7,94.1,94.2,94.9,95.7,96.8,98.1,98.6,98.8,98.9,99.2,99.3,99.7,99.9,100,100.2,100.2,100.1,100,99.9,99.7,99.6,99.3,98.9,98.6
133,부산 동부산권 15년 초과 ~ 20년 이하,87,86.6,86.2,86.2,86.2,86.2,86.2,85.9,85.8,85.9,86,86.1,86.5,86.5,86.6,86.6,86.6,86.6,86.8,87.1,87.3,87.5,87.7,87.9,88.1,88.4,88.9,89.9,90.5,90.9,91.2,91.3,91.6,92.4,93.3,93.8,93.8,93.8,93.8,94,93.9,94.4,94.7,96,96.8,98.1,99.3,99.5,99.5,99.5,99.6,99.6,99.8,100,100.2,100.3,100.2,100.1,100,99.7,99.5,98.9,98.7,98.2,97.9
134,부산 동부산권 20년 초과,87.6,87.4,86.9,86.6,87,86.9,86.4,86.4,86.6,86.7,86.7,86.7,86.6,86.6,86.7,86.9,86.9,86.8,86.6,86.6,86.6,87,87.2,87.4,87.5,87.5,88,88.6,89.1,89.7,90,90.2,90.8,91.3,91.8,92.2,92.2,92.3,92.4,92.8,93.3,94,94.6,94.7,95.2,95.9,96.7,97.4,97.8,98,98.1,98.3,98.6,99.2,99.7,100,100,100,100,100.0,99.8,99.4,99.1,98.9,98.6
135,부산 서부산권 5년 이하,97.7,97.4,96.9,96.5,96.4,96.2,95.2,94.9,94.7,94.8,95,95.1,94,93.8,94.1,94.1,94.1,94.2,94.2,94.2,94.2,94.7,94.9,94.8,94.9,95,95.4,95.6,95.8,95.8,95.8,95.9,96,96.1,96.3,96.5,96.4,96.5,96.6,96.6,96.7,96.8,97,97,97.1,97.5,98.2,98.5,98.7,99,99.4,99.6,99.6,99.8,99.9,100.1,100.1,100.2,100,100.0,99.9,99.9,99.8,99.7,99.5
136,부산 서부산권 5년 초과 ~ 10년 이하,88.4,88.4,88.7,88.9,89,89.1,89.1,89.3,89.5,89.9,90.2,90.4,89.8,90.1,90.4,90.6,90.6,90.7,90.7,90.8,91,91.2,91.4,91.3,91.2,91.3,91.4,91.5,91.7,91.9,92,91.9,91.9,92.1,92.6,92.9,92.9,92.8,92.7,93,93.1,93.3,93.5,93.6,93.9,94.8,95.8,96.4,96.7,97.2,97.5,98,99.1,99.4,99.7,99.9,99.9,99.8,100,99.9,99.5,99.4,99.2,98.9,98.8
137,부산 서부산권 10년 초과 ~ 15년 이하,90.6,90.6,90.4,90.7,91.4,91.6,92.1,92.3,92.4,92.3,92.5,92.7,93.3,93.6,93.5,93.7,93.8,94.1,94.3,94.3,94.4,94.6,94.7,94.8,94.8,94.8,95,95.2,95.4,95.4,95.4,95.4,95.5,95.6,95.8,95.9,95.9,96,96,96,96.1,96.2,96.3,96.4,96.6,97.4,97.8,98.1,98.3,98.5,98.7,98.9,99.2,99.5,99.7,99.8,100,100,100,99.9,99.8,99.6,99.4,99.4,99.2
138,부산 서부산권 15년 초과 ~ 20년 이하,89.2,88.8,88.7,89,89.1,89.2,89.1,88.9,88.9,89.3,89.6,89.7,89.5,89.6,89.9,89.8,89.7,89.8,89.8,89.8,89.9,90,90.1,90.2,90.2,90.3,90.7,91.2,91.4,91.6,91.8,91.9,92.2,92.4,92.8,93,93,93.2,93.3,93.4,93.7,93.7,93.9,94.1,94.5,95.4,96.5,97.3,98,98.4,98.6,99,99.1,99.4,99.8,99.9,100.1,100,100,99.9,99.8,99.8,99.7,99.6,99.4
139,부산 서부산권 20년 초과,91.6,91.5,91.4,91.6,91.7,91.5,91.3,91.1,91,91.5,91.6,91.6,91.7,91.7,91.7,91.4,91.4,91.3,91.2,91.2,91.4,91.6,91.7,92,91.9,91.9,92.1,92.4,92.8,93.2,93.4,93.6,93.7,93.8,94.3,94.5,94.4,94.5,94.5,94.5,94.7,94.8,94.9,95.1,95.3,95.8,96.6,97.3,97.7,98.1,98.4,98.9,99.4,99.8,100,100.2,100.2,100.2,100,99.9,99.7,99.5,99.3,99.1,98.8
140,대구  5년 이하,97.3,97.2,97.2,97.5,97.6,97.2,96.8,96.5,96.5,96.8,97,97.4,97.3,97.2,97.1,96.9,96.8,96.1,96.3,96.4,96.3,96.4,96.5,96.4,96.6,96.6,96.6,96.7,97.1,97.2,97.3,97.2,97.1,97.1,97.1,97.2,97,97.3,97.4,97.4,97.4,97.5,97.6,97.9,97.9,98,98.1,98.2,98.1,98.3,98.3,98.7,98.7,98.6,98.8,99.2,99.5,99.9,100,100.7,101.1,101.4,102.0,102.7,103.1
141,대구  5년 초과 ~ 10년 이하,96.7,96.5,96.7,97.1,97.3,97.5,97.2,96.9,96.8,97,97.3,97.5,98,97.8,97.7,97.5,97.4,97.5,97.4,97.3,97.4,97.4,97.5,97.5,97.6,97.5,97.7,97.7,97.8,97.8,97.7,98,97.9,98,98.2,98.1,98,98,98,98,98,98.1,98.1,98.1,98,98.1,98.3,98.4,98.5,98.6,98.6,98.8,98.9,98.8,99,99.3,99.4,99.6,100,100.3,100.8,101.3,101.7,102.3,102.8
142,대구  10년 초과 ~ 15년 이하,95.8,95.8,95.9,96.5,96.5,96.7,96.6,96.3,96.1,96.4,96.5,96.8,97.2,97.2,97.2,97.1,97,97,96.7,96.7,97.1,97.4,97.6,97.6,97.6,97.8,97.9,97.9,98,98.1,98.2,98.3,98.1,98.3,98.3,98.2,98.2,98.1,98.2,98.1,98.3,98.2,98.3,98.2,98.4,98.4,98.5,98.6,98.7,98.8,98.7,98.8,98.7,98.6,98.7,99,99.5,99.8,100,100.1,100.5,100.7,101.0,101.4,101.7
143,대구  15년 초과 ~ 20년 이하,99.2,99.1,99.1,99.5,99.6,99.6,99.4,99.2,99.1,99.5,99.9,100.1,100.9,101.1,100.9,100.8,100.7,100.7,100.6,100.6,100.6,100.7,100.6,100.4,100.3,100.3,100.4,100.4,100.5,100.4,100.3,100.1,99.9,100,100,99.9,99.9,99.6,99.3,99.2,99,98.9,98.8,98.9,98.9,99.1,99.1,99,99,99.1,99,98.8,98.9,99,99,99.2,99.5,99.7,100,100.1,100.1,100.0,100.0,100.1,100.1
144,대구  20년 초과,97.1,97,97.2,97.1,97,97.1,96.6,96.3,96.4,96.5,96.4,96.5,96.8,96.7,96.7,96.8,96.6,96.5,96.5,96.7,97,97.4,97.6,97.9,98.1,98.1,98.1,98.1,98,98,97.9,97.8,97.8,97.9,98.1,98.1,98,98,98.1,98.1,98.1,98,98,98.1,98.2,98.2,98.3,98.4,98.6,98.7,98.8,98.9,98.9,98.9,99,99.3,99.4,99.6,100,100.1,100.2,100.4,100.4,100.6,100.8
145,광주  5년 이하,93.7,93.8,93.7,93.8,93.9,93.9,93.9,93.9,93.9,93.9,94,93.9,94.1,94.2,94.2,94.5,94.5,94.7,94.7,94.8,95,95.7,95.8,95.9,95.9,95.9,96.1,97.1,97.3,98.6,98.7,98.9,98.9,99,99,99,99.3,99,98.9,99.1,99.1,99.1,99,99.4,99.2,99.6,99.6,99.6,99.5,99.3,99.3,99.3,99.4,99.4,99.5,99.6,99.8,99.9,100,100.2,100.7,101.4,101.6,102.0,102.1
146,광주  5년 초과 ~ 10년 이하,91,91.1,91.3,91.2,91.1,91,91,91,91,91.1,91.1,91.1,91.2,91.4,91.5,91.8,91.9,92.1,92.4,92.6,92.9,93,93.2,93.2,93.6,93.8,94.3,95.7,96.6,97.4,97.8,98.2,98.5,98.9,99.2,99.3,99,99,99,99.1,99.1,99,98.7,98.7,98.6,98.6,98.6,98.8,98.9,98.9,99,99.1,99.3,99.4,99.6,99.8,99.7,99.8,100,100.2,100.2,100.5,100.9,101.6,102.2
147,광주  10년 초과 ~ 15년 이하,91.4,91.4,91.6,92,92.3,92.4,92.4,92.4,92.4,92.5,92.6,92.6,92.4,92.6,92.9,93,93,92.9,93.1,93.1,93.3,93.6,93.7,94.2,94.4,94.9,95.5,97.3,97.9,98.7,98.9,99,99.3,99.5,100,100.5,100.5,100.6,100.4,100.2,100,100,100,99.7,99.7,99.6,99.6,99.5,99.5,99.5,99.6,99.2,99.4,99.5,99.4,99.3,99.4,99.8,100,100.0,100.4,100.5,100.8,101.0,100.9
148,광주  15년 초과 ~ 20년 이하,89.7,89.8,90,90.2,90.5,90.4,90.3,90.3,90.3,90.4,90.6,90.7,90.5,90.8,91,91.2,91.3,91.4,91.4,91.5,91.7,91.9,92,92.4,92.7,93,93.9,95.2,96.1,96.9,97.6,98.1,98.5,99,99.7,99.9,99.9,99.8,99.9,99.9,99.8,99.7,99.7,99.6,99.5,99.6,99.6,99.7,99.7,99.8,99.6,99.9,99.7,99.6,99.6,99.7,99.8,100,100,100.0,100.0,100.0,100.0,100.2,100.4
149,광주  20년 초과,86,86.1,86.3,86.9,87.1,87.4,87.4,87.2,87.2,87.4,87.8,87.9,87.9,88.2,88.5,88.6,88.6,88.7,89.1,89.3,89.5,89.7,89.9,90.5,91,91.3,92,93.3,93.9,94.8,95.3,95.9,96.2,96.7,97.4,97.6,97.9,98,98.2,98.6,98.7,98.6,98.5,98.5,98.6,98.8,99,99.1,99.2,99.2,99.3,99.3,99.3,99.2,99.4,99.5,99.8,100,100,100.1,100.2,100.4,100.7,100.6,100.8
150,대전  5년 이하,78.3,78.4,78.5,79.1,79.6,80.2,80.8,81.2,81.3,81.7,82.3,83.4,84.1,84.7,85.3,85.9,86.2,86.5,86.7,87.1,87.7,88.3,89,89.7,90.1,90.6,91.5,92.7,93.4,94.3,94.5,94.8,95.8,96.7,97.1,97.1,97,96.8,96.7,96.3,95.9,95.8,95.7,95.6,95.5,95.6,95.6,95.5,95.5,95.5,95.5,95.6,95.7,95.6,96.1,97.8,98.6,99.1,100,100.0,99.9,100.0,100.0,99.9,99.6
151,대전  5년 초과 ~ 10년 이하,76.9,77,77.1,77.8,78.6,79.4,80.4,81,81.5,82.1,83,84.1,84.9,85.6,86,86.4,86.6,86.8,87.1,87.3,87.9,88.3,89,90.1,90.6,91.1,91.7,92.8,93.9,95,95.8,96.6,97.7,98.7,99.4,99.5,99.3,99.1,98.8,98.5,98.4,98.1,97.8,97.5,97.3,97.3,97.3,97.2,97.2,97.1,97.1,97.1,97,97.1,97.2,98.2,98.9,99.3,100,100.1,100.5,100.7,100.7,101.1,101.1
152,대전  10년 초과 ~ 15년 이하,77.6,78,78.3,79.2,80.3,81.3,83.2,83.9,84.5,85.5,86.6,87.9,90.2,91,91.7,92.1,92.4,92.6,92.8,93,93.4,93.7,94.4,94.8,95.4,96,96.5,97.3,98.2,99.2,99.7,100.4,101.4,102.2,102.9,102.9,102.8,102.7,102.4,102.1,101.7,101.3,100.9,100.5,100,99.8,99.7,99.6,99.6,99.4,99.3,99.2,98.9,98.8,98.8,99.1,99.5,99.7,100,100.3,100.3,100.4,100.5,100.5,100.2
153,대전  15년 초과 ~ 20년 이하,79.7,79.9,80.1,81.2,82.2,83.4,84.9,85.6,86.2,87.3,88.6,90.2,91.6,92.2,93,93.7,94,94.2,94.4,94.6,95.1,95.5,96.2,96.7,97.2,97.5,98.1,99.2,100.3,101.4,102.2,103,104.3,105.1,105.5,105.5,105.3,105,104.5,104,103.7,103.2,102.9,102.5,102.2,102,101.8,101.4,101.2,100.8,100.6,100.3,99.8,99.6,99.6,99.7,99.8,99.9,100,100.2,100.2,100.4,100.7,100.7,100.5
154,대전  20년 초과,79.3,79.5,79.7,80.5,81.1,82.1,83.1,83.9,84.5,85.1,85.9,86.9,88.6,89.6,90.3,91,91.8,92.1,92.5,93.1,93.4,94,94.7,95.4,95.9,96.5,97,98.1,98.9,100.1,100.8,101.4,102.3,103,103.5,103.4,103.1,102.6,102.2,101.8,101.5,100.9,100.7,100.4,100.3,100.2,100.1,100,99.9,99.7,99.6,99.4,99.2,99.1,99.1,99.4,99.8,100,100,100.0,100.3,100.5,100.6,100.6,100.7
155,울산  5년 이하,95.4,95.3,95.2,95.2,95.1,95.3,95.5,95.5,95.6,95.6,95.7,95.7,96.3,96.4,96.2,96.1,96.2,96.3,96.1,96.2,96.5,96.8,96.9,97.2,97.4,97.7,98,98.3,98.6,98.8,99,99.2,99.6,100.1,100.5,100.8,101.2,101.5,101.7,101.8,101.8,102,101.9,102.1,102.2,102.4,102.5,102.2,102.2,102.1,101.8,101.4,101.1,100.9,101.2,100.9,100.9,100.8,100,99.8,99.1,98.7,98.8,98.4,98.1
156,울산  5년 초과 ~ 10년 이하,95.3,95.2,95.2,95.3,95.5,95.7,95.6,95.6,95.4,95.3,95.6,95.7,95.4,95.5,95.6,95.8,95.9,96.2,96.4,96.7,96.9,97.1,97.2,97.3,97.4,97.5,97.8,98.2,98.6,99.1,99.4,99.6,99.9,100.3,100.5,100.9,101.1,101.3,101.5,101.6,101.8,101.7,101.4,101.6,101.6,101.6,101.5,101.4,101.4,101.4,101.3,101.1,101.1,100.9,100.6,100.4,100.3,100.2,100,99.6,99.3,99.1,99.0,98.6,97.9
157,울산  10년 초과 ~ 15년 이하,92.9,92.6,92.3,92.2,92.2,92.2,92.1,92,91.9,92.3,92.5,92.5,91.9,92.1,92.3,92.5,92.7,93,93.5,93.9,94.4,94.6,94.8,95.1,95.2,95.5,95.9,96.2,96.6,97.1,97.5,97.8,98.4,98.6,99.2,99.6,99.8,100.1,100.2,100.1,100.4,100.7,100.6,100.2,100.5,101.3,101.5,101.6,101.7,101.5,101.6,101.4,101.2,101.1,100.9,100.6,100.5,100.3,100,99.6,99.4,99.0,98.6,98.1,97.1
158,울산  15년 초과 ~ 20년 이하,92.7,92.4,92.3,92.4,92.3,92.2,92.3,92.2,92.2,92.7,92.9,93,93.1,93.3,93.6,94,94.4,94.9,95.4,95.6,95.8,96.1,96.4,96.7,96.8,97.1,97.3,97.7,98,98.4,99,99.3,99.9,100.4,100.8,101.2,101.5,101.6,101.7,101.8,102,102.1,102,101.9,101.9,102,102,101.9,101.8,101.8,101.7,101.7,101.6,101.5,101.1,100.9,100.7,100.4,100,99.8,99.2,98.9,98.5,98.0,96.9
159,울산  20년 초과,92.1,92.1,92,92.4,92.7,93.2,93.2,92.8,92.8,93,93.5,93.3,93.1,93.4,93.8,94.1,94.5,95.2,96.1,96.8,97.2,97.5,97.7,98,98.1,98.3,98.3,98.7,99,99.4,99.7,100,100.4,100.8,101.2,101.5,101.7,102,102.1,102.3,102.4,102.4,102.3,101.9,101.8,101.8,101.9,102,101.6,101.4,101.6,101.7,101.5,101.3,101.3,101,100.8,100.5,100,99.6,99.0,98.4,97.8,97.1,95.8
160,세종  5년 이하,88.3,89.3,90.2,90.6,91.4,91.9,91.4,91,91.3,92,92.1,92.3,93,92.7,92.5,92.1,91.7,91.3,90.6,90.1,89.8,90.2,90.1,90.2,90.4,90.8,90.8,91,91.2,92,92.1,92.1,92.3,92.6,92.7,92.7,92.8,93,93,93.1,93.2,93.2,93.3,93.6,93.6,93.7,93.7,94,94,93.9,93.8,94,95.2,98.3,99.4,100.1,100.1,100,100,100.1,100.3,100.4,100.7,101.1,101.4
161,세종  5년 초과 ~ 10년 이하,96.1,97.2,97.4,97.9,99.1,97.9,97.4,96.5,95.9,97,97.4,97.9,100.2,101.2,101.9,102.2,101.5,101.3,100.8,100,98.7,99.1,99.4,98.9,98.7,98.1,98,98.2,97.7,96.7,95.6,95.6,95.3,95,95,94.1,94.2,94,94.7,95,94.9,95.4,95.8,95.8,95.8,96.4,96.8,96.8,97,97,97,97.6,97.8,98.7,99,98.9,99.1,99.5,100,99.9,99.9,100.6,100.6,101.2,101.1
162,세종  10년 초과 ~ 15년 이하,106.1,108.2,111.5,112.3,113.3,113.2,113.7,113.3,113.6,113.1,113.6,113.2,112.1,112.5,112.8,113.1,113,113,112.5,111.9,111.4,110.6,110.4,109,108.5,108.1,107.8,107.2,106.8,105.6,105.3,105.3,104.1,102.6,102,102.4,102.4,102.5,102.9,102.5,102.2,101.7,101.8,101.3,101.2,100.3,99.7,99.9,99.2,99.7,99.7,99.7,100.1,100.4,99.9,100.3,101,100.6,100,99.8,99.8,99.2,101.4,99.2,101.3
163,세종  15년 초과 ~ 20년 이하,94.4,95.2,96.1,97.2,97.8,98.5,98.8,98.9,99.6,101,101.4,101.6,100.7,100.6,100.8,100.2,100.4,100,99.5,98.8,99,99,98.1,98.9,98.9,99.6,99.5,99.1,99.5,99.7,99.6,99.2,98.8,98.9,98.8,99.3,99.2,99.2,98.9,99,99.5,99.1,98.8,98.5,98.6,98.8,99.6,99.2,99,99,99.2,99.3,98.9,98.8,99,99.6,99.4,99.8,100,99.8,99.7,99.5,98.8,99.0,98.5
164,세종  20년 초과,101,101,102.4,105.6,105.8,106.1,104.8,102.5,101.8,103.1,103.8,104.2,106.2,107.3,107.1,107,106,105.7,105.7,106.4,106.3,106.4,106.9,107.2,106.7,106.7,106.8,106.8,105.9,105.5,105.4,105.1,105.1,104.7,104.6,104.4,103.8,103,103.2,103.1,102.1,102,102.4,102.2,101.9,101.3,101,100.7,101.1,101.1,100.4,100,100.1,99.8,99.9,100.4,100.9,100.5,100,99.1,98.7,98.7,98.8,98.9,98.5
165,강원  5년 이하,97.1,96.5,96.5,95.7,95.7,95.3,94.6,94.5,94.4,94.6,94.9,95,95.7,95.6,95.2,94.9,94.8,94.3,94.2,94,94,94.2,94.3,94.5,94.7,94.6,94.5,94.5,94.9,94.6,94.9,94.6,94.9,95,95.2,95.5,95.8,96,96.5,96.7,96.8,97.1,97.4,97.3,98,98.5,98.8,98.9,99.3,99.4,99.4,99.8,99.9,99.6,99.6,99.6,99.9,100,100,100.1,100.1,99.9,100.0,99.8,99.5
166,강원  5년 초과 ~ 10년 이하,97.3,96.9,96.5,96.5,96.3,96.1,96.1,95.9,96,96.3,96.6,96.9,95.4,95.3,95.3,95.2,95.1,95.1,95.1,95,95.1,95.2,95.3,95.5,95.6,95.7,95.8,95.8,95.9,96,96.1,96.1,96.2,96.4,96.6,96.5,96.5,96.4,96.6,96.7,96.6,96.8,97,97.1,97.3,97.6,98,98.3,98.5,98.6,98.8,99.1,99.4,99.5,99.6,99.5,99.7,99.8,100,99.8,99.7,99.6,99.9,99.6,99.3
167,강원  10년 초과 ~ 15년 이하,88.9,88.8,88.4,88.5,88.7,88.4,88.3,88.1,88.1,88.4,88.7,89.1,89.4,89.3,89.4,89.3,89.4,89.4,89.4,89.2,89.3,89.3,89.6,89.8,89.9,90,90.4,90.8,91.2,91.5,91.5,91.9,92.2,92.7,93.3,93.8,94,94.3,94.4,94.4,94.8,95,95.2,95.3,95.5,96,96.4,96.7,97,97.2,97.5,97.9,98.4,98.8,98.9,99.3,99.6,99.9,100,99.9,99.7,99.5,99.5,99.1,98.7
168,강원  15년 초과 ~ 20년 이하,89.5,89.2,88.8,88.9,89.4,89.4,89.4,89.6,89.4,89.5,89.6,89.9,90.5,90.7,90.7,90.3,90.2,90.2,90.1,90.3,90.4,90.6,91.1,91.3,91.4,91.7,91.9,92.6,92.9,93.3,93.5,93.8,94.2,94.7,95.4,95.6,95.8,96,96.1,96.3,96.5,96.5,96.5,96.7,96.8,96.9,97.2,97.4,97.6,97.6,97.8,98.2,98.4,98.5,98.7,99,99.4,99.7,100,100.0,99.8,99.8,99.7,99.5,98.9
169,강원  20년 초과,91.1,91.1,90.9,91.3,91.4,91.1,91.2,91.2,91.7,92.3,92.7,93.3,93,93,93.3,93.4,93.3,93.2,93.1,93.1,93.1,93.1,92.9,93.2,93.3,93.4,93.6,93.9,94.2,94.5,94.6,94.9,95.2,95.5,95.9,96.1,96.1,96.2,96.3,96.5,96.6,96.8,96.9,97,97.2,97.4,97.6,97.7,97.9,98,98.2,98.7,99,99.2,99.4,99.6,99.7,99.8,100,99.9,99.7,99.8,99.9,99.7,99.3
170,충북  5년 이하,98.2,98.2,98.1,98.3,98.3,98.4,98.4,98.4,98.3,98.3,98.4,98.6,98.3,98.3,98.3,98.3,98.3,98.5,99.6,99.8,100.2,100.4,100.7,100.7,100.8,100.8,100.7,100.9,100.9,101,101,101.1,101.4,101.6,101.9,101.8,101.8,102.1,101.9,101.3,100.4,100.4,100.8,101.2,101.2,101.4,101.2,100.9,100.8,100.9,101,101.4,101.2,100.4,100.2,100,100.1,100.1,100,99.9,99.5,99.3,98.9,98.3,98.1
171,충북  5년 초과 ~ 10년 이하,96.2,96.2,96.2,96.3,96.4,96.6,96.8,96.8,97.1,97.1,97.3,97.4,97.7,98,98.8,99,99.3,99.5,99.2,99.4,99.6,100,100.3,100.8,101,101.4,102.1,102.4,102.5,102.7,102.7,102.9,103,103,102.7,102.5,102.5,102.5,102.2,101.9,101.8,101.6,101.4,101.3,101.4,101.2,101.2,101.1,100.8,100.8,100.7,100.5,100.4,100.3,100.2,100.2,100.2,100.1,100,99.9,99.5,99.4,99.3,99.2,98.7
172,충북  10년 초과 ~ 15년 이하,97.3,97.2,97.2,97.7,97.6,97.5,97.7,97.7,97.8,98,98.4,98.8,99.5,99.8,100.1,100.3,100.8,101,101.4,101.6,102,102.5,102.7,103.1,103.5,103.7,104.3,104.9,105,105.1,105.2,105.1,105.3,105.3,105.1,104.8,104.6,104.4,104.1,104,103.8,103.3,102.8,102.6,102.3,102.2,102.1,102,101.9,101.6,101.4,101.3,101,100.9,100.7,100.5,100.4,100.3,100,99.8,99.6,99.3,99.0,98.4,97.7
173,충북  15년 초과 ~ 20년 이하,97.4,97.5,97.5,97.8,97.9,98,98,98,98.2,98.4,98.7,99.1,99.4,99.6,99.7,100.1,100.3,100.5,100.6,100.8,101.3,102,102.8,103.3,103.6,104.2,104.9,105.3,105.5,105.6,105.5,105.6,105.7,105.7,105.6,105.7,105.6,105.5,105.3,105.1,105,104.7,104.1,103.7,103.5,103.5,103.3,103.1,102.9,102.7,102.5,101.9,101.6,101.3,101,100.7,100.2,100,100,99.8,99.2,98.5,98.2,97.5,96.6
174,충북  20년 초과,94.6,94.7,94.9,95.3,95.5,95.6,95.6,95.8,95.7,95.8,96.2,96.4,96.6,96.7,96.9,97,97.1,97.4,97.7,97.8,98,98.4,99,99.5,99.7,100.1,100.5,101,101.2,101.5,101.7,102.1,102.4,102.5,102.4,102.4,102.4,102.4,102.5,102.6,102.6,102.4,102.4,102.2,102.1,101.9,102,101.9,102,101.9,101.9,101.8,101.7,101.6,101.3,101,100.6,100.3,100,99.8,99.4,98.9,98.6,98.0,97.5
175,충남  5년 이하,98.7,98.7,98.7,98.9,99.2,99.2,99.2,99.2,99.3,99.6,100,100.5,101.8,102.1,102.2,102.4,102.5,102.5,102.5,102.2,101.7,102,101.9,101.9,102.3,102.4,102.5,102.7,102.9,103.1,103.1,103.3,103.6,103.7,103.9,104.3,104.2,104,103.9,103.8,103.5,103.5,103.2,102.9,102.7,102.7,102.4,102.2,102.3,101.9,101.9,101.9,101.8,101.1,101.5,101.1,101.1,100.9,100,100.0,100.0,99.6,99.9,99.6,99.0
176,충남  5년 초과 ~ 10년 이하,98.7,98.9,99,99.1,99.3,99.5,99.6,99.7,99.8,100.2,100.8,101.5,102.1,102.4,103,103.4,103.7,104,104.2,104.1,104.2,104.7,105.1,105.3,105.4,105.5,105.7,105.9,106.1,106.2,106.2,106.4,106.3,106.4,106.5,106.5,106.3,106.2,105.9,105.7,105.2,105,104.6,104,103.9,103.7,103.5,103.3,103,102.6,102.4,102,101.7,101.5,101.3,100.7,100.2,100.2,100,99.5,99.3,99.2,98.8,98.7,98.4
177,충남  10년 초과 ~ 15년 이하,93.5,93.8,94.3,94.7,95.2,95.6,95.9,96.1,96.3,97.1,98.1,98.6,99.2,99.3,100.1,100.8,101.3,102,102.8,103.5,103.9,104.6,105.2,105.7,105.8,106.3,106.5,106.7,106.7,106.1,106,105.7,105.7,105.4,105.3,105.1,104.8,104.5,104.1,103.8,103.9,103.5,103.3,103.1,103,102.8,102.4,102.2,101.9,101.5,101.3,100.8,100.7,100.3,100,100.1,100.1,100.1,100,99.9,99.5,99.1,98.4,98.2,97.9
178,충남  15년 초과 ~ 20년 이하,97,97.2,97.3,97.6,98,98.3,98.6,98.8,99,99.9,100.7,101.3,102.1,102.4,102.9,103.5,103.5,103.9,104.2,104.5,105.1,105.7,105.9,106.1,106.4,106.5,106.7,106.9,107,107.1,106.9,106.8,106.8,106.8,106.8,106.5,106.3,105.6,105.3,104.7,104.2,103.7,103.4,103.1,103,102.7,102.3,102.2,102,102,101.9,101.5,101.1,100.9,101,100.8,100.7,100.4,100,99.7,99.4,98.8,98.2,97.3,96.4
179,충남  20년 초과,92.5,93.1,93.5,93.8,94.3,94.6,95,94.3,94.9,95.1,96.9,98,97.5,97.9,98.3,98.9,99.2,99.5,100.3,100.5,100.9,101.6,102.3,102.4,102.7,102.8,103,103.6,103.9,104.3,104.4,104.4,104.6,104.8,104.9,104.6,104.5,104.4,104.3,104.2,104.1,103.9,103.4,103.1,103,102.9,102.6,102.3,102.4,102.1,101.9,101.5,101.3,101,100.8,100.6,100.4,100.2,100,100.0,99.7,99.3,98.8,98.1,97.5
180,전북  5년 이하,98.6,98.5,98.3,98.2,97.9,97.6,97.2,97,96.8,96.8,97.1,97.3,97,96.9,96.9,96.9,96.6,96.8,96.5,96.4,96.4,96.5,96.3,96.2,96.2,96.3,96.2,96.3,96.4,96.4,96.5,96.8,97,97.1,97.3,97.4,97.4,97.8,97.5,97.5,97.4,97.3,97.3,97,96.9,96.3,96.2,95.8,95.7,95.8,95.8,96,96.5,97.1,97.1,97.8,98.7,99.8,100,100.1,100.1,99.9,100.0,100.1,100.0
181,전북  5년 초과 ~ 10년 이하,99,99,99,99.3,99.3,99.2,98.9,98.8,98.7,98.9,99.2,99.3,100.5,100.4,100.6,100.5,100.4,100.3,100.2,100,100,100.1,100.1,100,99.9,99.9,100,100,100,100,100,100.2,100.5,100.5,100.7,100.9,100.8,100.8,100.7,100.6,100.6,100.4,100.4,100.3,100.2,100.1,100,100.1,100,100.1,100.1,100.2,100,100,100.1,100.2,100.1,100.1,100,100.0,100.0,99.9,99.7,99.5,99.3
182,전북  10년 초과 ~ 15년 이하,100.7,100.7,100.5,100.3,100.4,100.1,100,99.7,99.7,99.9,100,99.9,99.3,99,99,98.9,98.8,98.6,98.4,98.3,98.3,98.3,98.5,98.4,98.4,98.4,98.5,98.4,98.3,98.3,98.2,98.3,98.5,98.6,98.9,98.9,98.9,98.6,98.6,98.6,98.5,98.4,98.3,98.2,98.3,98.3,98.4,98.6,98.6,98.8,98.9,99.3,99.5,99.6,99.7,99.8,100,100,100,100.0,99.7,99.5,99.3,99.1,98.8
183,전북  15년 초과 ~ 20년 이하,99.8,99.5,99.2,99.1,98.7,98.3,97.9,97.6,97.4,97.3,97.4,97.4,97.5,97.5,97.7,97.7,97.6,97.4,97.1,97,97.1,97.1,97,97,96.9,96.9,97,97.1,97,97,97.1,97.2,97.4,97.5,97.5,97.6,97.5,97.5,97.5,97.4,97.4,97.4,97.5,97.4,97.5,97.6,97.7,98,98.1,98.2,98.3,98.5,98.7,98.8,99,99.2,99.5,99.8,100,100.1,100.0,100.0,99.8,99.7,99.4
184,전북  20년 초과,100.5,100.5,100.4,100.4,100.7,100.6,100.4,100.4,100.4,100.4,100.4,100.5,100.1,100,99.9,99.5,99.3,99.2,99,98.9,98.9,99,99,98.8,98.8,98.7,98.8,98.9,98.8,98.7,98.7,98.8,98.9,99.1,99.1,99.1,99,98.9,98.8,98.7,98.7,98.6,98.6,98.6,98.5,98.6,98.7,98.8,98.8,98.8,98.8,98.8,98.9,99,99.1,99.4,99.5,99.8,100,100.1,100.1,99.9,99.6,99.6,99.2
185,전남  5년 이하,93.8,93.3,93,92.5,92,91.6,91.5,91.2,91,91.3,91.2,90.9,91,91.2,91.2,91.3,91.5,91.2,91.1,91.2,91.5,91.5,92,91.7,91.6,91.6,91.8,92.2,92.6,93.1,93.5,93.6,93.7,94.2,94.4,94.4,94.7,94.9,95.2,95.3,95.7,96,96.4,96.4,96.6,97,97.1,97.5,97.7,97.6,97.7,97.8,97.9,98,98.6,99.7,99.9,100,100,100.1,100.3,100.7,100.8,100.9,100.6
186,전남  5년 초과 ~ 10년 이하,97.1,97.2,97.2,97.2,96.9,96.7,96.3,96.2,96,96.1,96.4,96,95.3,95.3,94.5,94.2,94.2,94,93.4,93.1,93.1,92.9,92.7,92.8,92.9,92.9,93.3,93.6,93.7,94.3,94.5,94.9,95.5,95.7,96.3,96.4,96.6,96.7,96.7,96.6,96.9,96.9,96.7,96.9,96.9,96.9,97.3,97.6,97.9,98.1,98.6,98.5,98.7,99.1,99.2,99.3,99.2,99.7,100,100.2,100.7,101.2,101.2,101.0,100.7
187,전남  10년 초과 ~ 15년 이하,96.7,96.6,96.4,96.1,96,95.7,95.6,95.5,95.3,95.2,94.9,94.7,94.2,94,94,93.8,94,93.7,93.6,93.5,93.5,93.4,93.4,93.4,93.4,93.3,93.5,93.6,93.6,93.6,93.7,94,94.2,94.5,94.7,95,95,95,95.2,95.4,95.4,95.6,95.6,95.9,95.9,96.2,96.4,96.5,96.9,97.1,97.3,97.6,97.9,98.2,98.4,98.7,99.1,99.4,100,100.2,100.5,100.9,101.1,101.4,101.7
188,전남  15년 초과 ~ 20년 이하,99,98.8,98.6,98.4,98.3,98.2,97.9,97.6,97.3,97.2,97.1,97,97,96.9,96.5,96.6,96.4,96.3,96,95.6,95.6,95.6,95.4,95.2,95.2,94.9,94.8,94.9,94.7,94.9,95,95.2,95.1,95.2,95.5,95.9,96.1,96.2,96.2,96.4,96.6,96.5,96.8,96.7,96.8,97.1,97.3,97.6,97.7,98,98.1,98.4,98.7,99,99.2,99.3,99.5,99.7,100,100.0,100.3,100.7,100.9,101.6,102.0
189,전남  20년 초과,103.3,103,102.7,102.5,102.7,102.6,102.1,101.9,101.7,101.5,101.3,101.2,100.4,100.3,100.1,100.1,99.7,99.4,99.1,98.8,98.6,98.4,98.2,98,97.8,97.4,97.3,97.1,97.2,97.2,97.2,97.1,97.1,97.1,97.4,97.4,97.6,97.6,97.7,97.9,98,98,98.1,98.4,98.5,98.6,98.7,98.8,98.7,98.5,98.5,98.6,98.9,99,99.1,99.5,99.7,99.8,100,100.2,100.3,100.4,100.6,100.6,100.5
190,경북  5년 이하,87.9,88.4,88.7,89.4,90.2,90.9,92.1,92.3,92.6,93,93.5,93.9,95,95.3,96,96.6,96.9,96.9,97,97.1,97.2,97.7,98.3,98.9,100.1,100.3,100.6,101,101.6,102.5,102.6,102.8,103.4,103.7,103.8,103.7,103.4,102.8,102.5,101.9,101.6,101.3,100.8,100.4,100.3,100.1,100,99.9,99.7,99.8,100,99.9,100.5,100.3,100.4,100.3,100.4,100.9,100,99.9,99.5,99.3,99.1,99.0,98.8
191,경북  5년 초과 ~ 10년 이하,89.8,90.4,91.1,92,92.7,93.2,93.9,94.4,95.1,95.8,96.4,97.2,98.6,99.2,99.5,100.4,100.7,101.1,101.5,101.8,102,102.4,102.9,103.6,103.8,104.2,104.5,105.1,105.5,105.9,106,106.5,107,107.3,107.4,107.3,107.1,107,107,106.5,106,105.5,104.8,104.2,103.9,103.7,103.3,103,102.8,102.5,102.3,102,101.8,101.6,101.4,101.1,100.8,100.4,100,99.6,99.2,99.1,99.1,99.0,98.8
192,경북  10년 초과 ~ 15년 이하,92.4,92.8,93.4,94,94.7,95.3,96.4,97.1,98,99,99.8,100.6,101.9,102.6,102.9,103,103.3,103.4,103.6,103.9,104.1,104.3,104.7,105.3,105.8,106.2,106.8,107.2,107.7,108.3,108.4,108.7,109.2,109.4,109.5,109.3,109.2,109,108.4,107.9,107.5,106.9,106.2,105.6,105.2,105,104.4,103.7,103.3,103,102.8,102.4,102.3,102.1,101.7,101.4,101.1,100.6,100,99.6,99.1,98.8,98.6,98.0,97.6
193,경북  15년 초과 ~ 20년 이하,92.3,92.7,93.4,94.2,95.2,96,97.2,97.9,98.4,99.6,100.6,101.8,104.1,105.4,106.2,106.8,107.3,107.7,107.8,108.1,108.5,109,109.5,109.9,110.2,110.6,111.1,111.4,111.5,111.9,112.1,112.6,113,113.2,113.2,112.9,112.7,112.4,112,111.4,110.6,109.5,108.6,107.8,107,106.7,106.4,105.7,105.4,104.9,104.2,103.5,103,102.7,102.2,101.7,101.2,100.6,100,99.7,99.3,98.8,98.3,97.8,97.2
194,경북  20년 초과,87.8,88.1,88.5,89,89.6,90.6,91.8,92.3,93.1,94,94.7,95.7,97.3,98.4,99.2,99.9,100.3,100.7,101,101.3,101.7,102.2,102.6,102.9,103.4,103.8,104.4,105.1,105.5,106.1,106.4,106.7,107.2,107.4,107.5,107.3,107.1,107,106.7,106.4,106.1,105.8,105.4,105,104.7,104.5,104.2,103.8,103.7,103.4,103,102.7,102.2,101.8,101.4,101,100.7,100.3,100,99.5,99.0,98.6,98.2,97.7,97.1
195,경남  5년 이하,99.6,99.5,99.4,99.5,99.7,99.9,99.7,99.6,99.6,99.6,99.7,99.9,99.9,100,100.3,100.6,100.8,101.1,101.3,101.6,101.8,102.3,102.6,103.1,103.3,103.4,103.6,103.7,104,104.2,104.3,104.4,104.6,105.2,105.6,105.9,105.9,105.8,105.9,106.1,105.7,105.7,105.5,105.3,104.8,104.7,105.1,104.8,104.3,104.5,104.6,104.4,103.7,103.1,102.6,101.8,101.4,101.1,100,99.8,99.5,99.2,99.0,98.5,97.9
196,경남  5년 초과 ~ 10년 이하,100,99.7,99.7,100,100.3,100.2,100.2,100.2,100.2,100.5,100.6,100.7,100.9,101,101.1,101.4,101.6,101.7,101.9,102.2,102.6,102.9,103.1,103.4,103.6,103.7,103.9,104.1,104.2,104.3,104.4,104.5,104.8,104.9,105,105.2,105.1,105.1,104.8,104.7,104.6,104.5,104.2,104.2,104,103.7,103.4,103.2,103.1,103.1,103.1,102.8,102.5,102.2,101.8,101.2,101,100.7,100,99.7,99.0,98.7,98.4,98.2,97.3
197,경남  10년 초과 ~ 15년 이하,102.1,102,101.9,102.2,102.3,102.3,102.2,102.1,102.2,102.4,102.5,102.7,102.8,102.9,103.1,103.4,103.6,103.8,104.1,104.3,104.5,104.8,104.9,105.2,105.5,105.6,105.8,106.1,106.2,106.3,106.4,106.5,106.7,106.9,106.9,106.9,106.7,106.6,106.5,106.4,106.2,105.9,105.7,105.5,105.1,104.5,104.3,104,103.7,103.5,103.3,102.8,102.4,102,101.8,101.5,101.2,100.7,100,99.6,98.9,98.4,97.9,97.0,96.2
198,경남  15년 초과 ~ 20년 이하,99.4,99.2,99.3,99.6,99.9,100,100,100,100.1,100.4,100.5,100.5,100.1,100.3,100.4,100.7,100.8,100.9,100.9,101.1,101.3,101.6,101.6,101.8,101.8,101.9,102,102.3,102.5,102.7,102.8,102.9,103.2,103.4,103.6,103.7,103.8,103.8,103.7,103.7,103.7,103.6,103.6,103.3,103.2,103.1,103,102.8,102.9,102.7,103,102.9,102.7,102.5,102.2,101.7,101,100.5,100,99.6,99.1,98.6,97.9,97.4,96.6
199,경남  20년 초과,97.4,97.2,97.3,97.7,98,98.2,98.2,98,98.1,98.3,98.5,98.5,99,99.2,99.4,99.6,99.8,99.9,100.1,100.4,100.7,101.2,101.8,102.2,102.5,102.8,103,103.4,103.6,104,104.1,104.3,104.5,104.6,104.8,104.9,105,105,105,105,104.9,104.8,104.8,104.7,104.8,104.7,104.6,104.2,104.1,103.9,103.9,103.7,103.5,103.2,102.7,102,101.5,100.8,100,99.6,99.0,98.4,97.9,97.3,96.2
200,제주  5년 이하,80.6,80.6,80.6,80.6,80.6,80.6,80.6,80.9,80.9,80.5,80.5,80.4,80.3,80.4,80.1,80,80,79.9,79.7,79.8,79.9,80.3,80.8,81.8,82.6,83.4,83.8,84.4,84.9,85.2,86,87.1,87.9,89.2,90.8,93.5,95.1,96.7,97.4,97.7,97.7,97.7,97.7,97.7,97.9,98,98.7,100.3,100.8,100.8,100.8,100.9,100.8,100.7,100.6,100.3,100.4,100.3,100,100.0,99.8,99.9,99.8,99.7,99.5
201,제주  5년 초과 ~ 10년 이하,75.4,75.3,75.3,75.4,75.3,75.2,75.2,74.9,74.8,74.8,75,75.4,75.1,75.7,75.5,75.3,75.8,75.4,75.8,76.2,76.7,76.9,77,77.9,79,79.3,79.9,80.2,81.1,81.8,83.5,84.1,85.7,86.4,88.7,92.6,95.1,96.5,96.8,97,96.8,96.7,96.7,96.4,97,97.3,98.3,98.5,99.4,99.6,99.7,99.6,99.5,99.4,99.3,99.8,99.8,100.1,100,100.0,99.3,99.2,98.8,98.8,98.8
202,제주  10년 초과 ~ 15년 이하,76.3,76.1,76,75.9,75.9,76,75.8,75.5,75.4,75.3,75.2,75.1,74.8,75,74.8,74.6,74.7,74.5,74.5,74.8,75.3,76,76.5,77.7,78.7,79.2,79.9,81,82.3,83.3,84.7,85.5,86.6,87.3,88.8,92.2,95.5,97.7,98.6,98.9,98.9,98.7,98.8,98.8,99.2,99.5,99.7,99.8,99.9,99.9,99.9,99.7,99.4,99.3,99.6,100.1,100,100.1,100,98.3,98.2,98.0,98.1,97.7,97.0
203,제주  15년 초과 ~ 20년 이하,79.5,79.6,79.6,79.6,79.5,79.5,79.5,79.3,79.1,79.1,79,79.4,80.1,80.4,80.3,80.3,80.5,80.2,80.1,80,80.1,80.2,80.5,81.6,82.8,83.7,84.8,85.8,86,86.4,87,87.9,88.9,89.6,90.3,92.6,94.4,96.6,97.6,97.7,97.7,97.8,98,98.1,98.3,99,99.6,100.2,100.5,100.7,100.7,100.5,100.3,99.6,99.5,100.3,100.3,100,100,99.8,98.9,98.7,98.9,98.3,98.4
204,제주  20년 초과,81.6,82,82,82.8,82.7,82.8,83.1,83.1,82.8,83,82.9,82.7,82.6,82.6,82.5,82.6,82.4,82.2,82.5,82.7,82.9,83.3,83.5,84.4,85.2,85.7,86,86.3,86.8,87.3,87.7,88.3,88.9,89.4,90.5,92.9,95.2,96.3,97,97.1,97.1,97.1,97.1,97.4,97.7,97.9,98.5,98.8,99.1,99.3,99.3,99.6,99.7,99.6,99.5,99.7,99.8,99.8,100,100.4,99.9,100.0,100.0,99.6,98.9
